ID,Resort,Latitude,Longitude,Country,Continent,Price,Season,January,February,March,April,May,June,July,August,September,October,November,December,Seasons Count,Highest point,Lowest point,Beginner slopes,Intermediate slopes,Difficult slopes,Total slopes,Longest run,Snow cannons,Surface lifts,Chair lifts,Gondola lifts,Total lifts,Lift capacity,Child friendly Org,Child friendly,Snowparks Org,Snowparks,Nightskiing Org,Nightskiing,Summer skiing Org,Summer skiing
1,Hemsedal,60.9282437,8.38348693,Norway,Europe,46,November - May,1,1,1,1,1,0,0,0,0,0,1,1,1,1450,620,29,10,4,43,6,325,15,6,0,21,22921,Yes,1,Yes,1,Yes,1,No,0
2,Geilosiden Geilo,60.5345261,8.2063719,Norway,Europe,44,November - April,1,1,1,1,0,0,0,0,0,0,1,1,1,1178,800,18,12,4,34,2,100,18,6,0,24,14225,Yes,1,Yes,1,Yes,1,No,0
3,Golm,47.05781,9.8281668,Austria,Europe,48,December - April,1,1,1,1,0,0,0,0,0,0,0,1,1,2110,650,13,12,1,26,9,123,4,4,3,11,16240,Yes,1,No,0,No,0,No,0
4,Red Mountain Resort-Rossland,49.1055201,-117.8462801,Canada,North America,60,December - April,1,1,1,1,0,0,0,0,0,0,0,1,1,2075,1185,20,50,50,120,7,0,2,5,1,8,9200,Yes,1,Yes,1,Yes,1,No,0
5,Hafjell,61.2303686,10.52901357,Norway,Europe,45,November - April,1,1,1,1,0,0,0,0,0,0,1,1,1,1030,195,33,7,4,44,6,150,14,3,1,18,21060,Yes,1,Yes,1,Yes,1,No,0
6,Voss,60.6837065,6.407904807,Norway,Europe,43,November - May,1,1,1,1,1,0,0,0,0,0,1,1,1,960,284,25,4,11,40,0,40,7,4,0,11,11900,Yes,1,Yes,1,No,0,No,0
7,Porter,-39.67098835,176.8766681,New Zealand,Oceania,61,June - September,0,0,0,0,0,1,1,1,0,1,0,0,1,1980,1300,5,0,5,10,0,0,5,1,0,6,5600,No,0,No,0,No,0,Yes,1
8,Nevados de Chillan,-36.613844,-72.0718055,Chile,South America,57,June - October,0,0,0,0,0,1,1,1,1,1,0,0,1,2700,1600,10,15,10,35,13,0,4,6,1,11,11080,Yes,1,Yes,1,No,0,Yes,1
9,Hochschwarzeck,47.6283728,12.9205276,Germany,Europe,22,December - April,1,1,1,1,0,0,0,0,0,0,0,1,1,1385,1030,4,0,0,4,0,0,3,1,0,4,2880,Yes,1,No,0,No,0,No,0
10,Rossfeld - Berchtesgaden - Oberau,47.6513062,13.0589774,Germany,Europe,20,December - April,1,1,1,1,0,0,0,0,0,0,0,1,1,1554,1300,7,1,0,8,6,0,4,0,0,4,3229,Yes,1,Yes,1,Yes,1,No,0
11,Fernie,49.5041747,-115.062867,Canada,North America,67,December - April,1,1,1,1,0,0,0,0,0,0,0,1,1,2134,1052,42,58,42,142,5,11,3,7,0,10,14514,Yes,1,Yes,1,No,0,No,0
12,Sun Peaks,50.8844684,-119.8823295,Canada,North America,62,November - April,1,1,1,1,0,0,0,0,0,0,1,1,1,2082,1198,13,78,43,134,8,0,6,6,0,12,13895,Yes,1,Yes,1,Yes,1,No,0
13,Panorama,50.7369988,-119.1205606,Canada,North America,62,December - April,1,1,1,1,0,0,0,0,0,0,0,1,1,2365,1140,20,55,25,100,5,0,3,6,4,13,11890,Yes,1,Yes,1,Yes,1,No,0
14,Brauneck Lenggries Wegscheid,47.674786,11.554735,Germany,Europe,35,December - April,1,1,1,1,0,0,0,0,0,0,0,1,1,1712,700,8,22,4,34,3,0,16,4,1,21,19100,Yes,1,No,0,Yes,1,No,0
15,Zermatt - Matterhorn,45.96300885,7.715412186,Switzerland,Europe,81,Year-round,1,1,1,1,1,1,1,1,1,1,1,1,0,3899,1562,75,220,27,322,16,1060,21,22,20,63,93464,Yes,1,Yes,1,No,0,Yes,1
16,Treble Cone,-44.6323751,168.8728247,New Zealand,Oceania,68,June - October,0,0,0,0,0,1,1,1,1,1,0,0,1,1960,1260,4,9,9,22,0,32,2,2,0,4,4520,No,0,Yes,1,No,0,Yes,1
17,Val Gardena,46.5766427,11.6444217,Italy,Europe,54,December - April,1,1,1,1,0,0,0,0,0,0,0,1,1,2518,1236,52,105,18,175,10,630,29,41,14,84,121914,Yes,1,Yes,1,No,0,No,0
18,Gressoney - La-Trinite (Monterosa Ski),45.8597574,7.752615678,Italy,Europe,43,December - April,1,1,1,1,0,0,0,0,0,0,0,1,1,3275,1212,23,94,15,132,8,655,9,9,12,30,31984,Yes,1,Yes,1,No,0,No,0
19,"Les Portes du Soleil (Les Gets, Avoriaz, Chatel)",46.1550977,6.6633312,France,Europe,51,December - April,1,1,1,1,0,0,0,0,0,0,0,1,1,2466,1000,310,210,60,580,0,1074,89,74,11,174,252280,Yes,1,Yes,1,Yes,1,No,0
20,Espace San Bernardo – La Rosière/La Thuile,45.62647605,6.852962415,France,Europe,43,December - April,1,1,1,1,0,0,0,0,0,0,0,1,1,2641,1176,55,83,22,160,11,0,21,18,1,40,53669,Yes,1,Yes,1,No,0,No,0
21,The Lecht,57.200996,-3.247204,United Kingdom,Europe,33,December - April,1,1,1,1,0,0,0,0,0,0,0,1,1,775,637,5,9,4,18,0,0,12,1,0,13,9750,No,0,Yes,1,Yes,1,No,0
22,Steamboat,35.7540215,-109.8537507,United States,North America,120,November - April,1,1,1,1,0,0,0,0,0,0,1,1,1,3221,2103,25,95,45,165,4,0,1,14,2,17,32720,Yes,1,Yes,1,Yes,1,No,0
23,Howelsen Hill-Steamboat Springs,40.4805325,-106.8406049,United States,North America,21,November - April,1,1,1,1,0,0,0,0,0,0,1,1,1,2175,2040,1,1,0,2,0,0,3,1,0,4,2220,No,0,No,0,No,0,No,0
24,Les Contamines-Hauteluce,45.7970821,6.689198693,France,Europe,39,December - April,1,1,1,1,0,0,0,0,0,0,0,1,1,2437,1164,40,60,20,120,0,0,12,8,4,24,33972,Yes,1,No,0,Yes,1,No,0
25,Crested Butte,38.8698201,-106.984043,United States,North America,98,November - April,1,1,1,1,0,0,0,0,0,0,1,1,1,3707,2774,27,69,25,121,0,0,5,10,0,15,19717,Yes,1,Yes,1,No,0,No,0
26,Jackson Hole,34.641109,-98.67619161,United States,North America,119,December - April,1,1,1,1,0,0,0,0,0,0,0,1,1,3185,1924,16,50,50,116,11,0,1,9,3,13,20480,Yes,1,Yes,1,No,0,No,0
27,Park City,40.6460921,-111.4979963,United States,North America,97,November - April,1,1,1,1,0,0,0,0,0,0,1,1,1,3049,2080,27,152,71,250,4,480,5,32,4,41,76110,Yes,1,Yes,1,Yes,1,No,0
28,Nevis Range,56.8522081,-4.9987681,United Kingdom,Europe,36,December - April,1,1,1,1,0,0,0,0,0,0,0,1,1,655,91,7,10,3,20,0,0,8,3,1,12,10350,Yes,1,No,0,No,0,No,0
29,Arapahoe Basin,40.1211211,-80.6698426,United States,North America,83,October - June,1,1,1,1,1,1,0,0,0,1,1,1,1,3790,3286,40,25,40,105,4,0,2,5,0,7,7200,Yes,1,Yes,1,No,0,No,0
30,The Remarkables,-45.0549597,168.8158586,New Zealand,Oceania,74,June - October,0,0,0,0,0,1,1,1,1,1,0,0,1,1943,1586,3,4,3,10,1,0,3,4,0,7,8400,Yes,1,Yes,1,No,0,Yes,1
31,Valchiavenna – Madesimo/Campodolcino,46.4254637,9.389833451,Italy,Europe,39,November - April,1,1,1,1,0,0,0,0,0,0,1,1,1,1550,1082,13,28,5,46,0,0,1,9,3,13,26060,Yes,1,Yes,1,Yes,1,No,0
33,Livigno – Carosello/Mottolino,46.5200926,10.1289555,Italy,Europe,46,November - May,1,1,1,1,1,0,0,0,0,0,1,1,1,2798,1816,30,65,20,115,6,0,25,13,6,44,50850,Yes,1,Yes,1,Yes,1,No,0
34,Madonna di Campiglio-Pinzolo-Folgarida-Marilleva,46.2269942,10.8270157,Italy,Europe,50,November - April,1,1,1,1,0,0,0,0,0,0,1,1,1,2504,770,60,68,22,150,5,0,14,34,17,65,102340,Yes,1,Yes,1,Yes,1,No,0
35,Wagrain (Ski amedé),47.3336293,13.3031532,Austria,Europe,52,November - April,1,1,1,1,0,0,0,0,0,0,1,1,1,1980,740,30,81,4,115,6,600,22,16,11,49,75398,Yes,1,Yes,1,No,0,No,0
36,Kaunertal Glacier (Kaunertaler Gletscher),46.8774734,10.7136205,Austria,Europe,43,September - June,1,1,1,1,1,1,0,0,1,1,1,1,1,3108,2180,14,4,2,20,5,0,6,2,1,9,13200,Yes,1,No,0,No,0,No,0
37,Saalbach Hinterglemm Leogang Fieberbrunn (Skicircus),47.392906,12.636085,Austria,Europe,53,November - April,1,1,1,1,0,0,0,0,0,0,1,1,1,2096,830,140,112,18,270,7,927,21,22,28,71,135104,Yes,1,Yes,1,Yes,1,No,0
38,"Via Lattea (Sestriere ski resort, Montgenevre, Sauze d’Oulx)",44.954538,6.880658,Italy,Europe,48,November - April,1,1,1,1,0,0,0,0,0,0,1,1,1,2749,1372,96,220,84,400,7,0,29,35,7,71,96433,Yes,1,No,0,Yes,1,No,0
39,Reither Kogel-Reith im Alpbachtal,47.4005419,11.8601176,Austria,Europe,46,December - March,1,1,1,0,0,0,0,0,0,0,0,1,1,1280,670,1,3,0,4,0,0,4,0,1,5,4070,Yes,1,No,0,Yes,1,No,0
40,Kicking Horse - Golden,51.2937094,-116.9624651,Canada,North America,67,December - April,1,1,1,1,0,0,0,0,0,0,0,1,1,2450,1190,20,20,60,100,10,10,1,3,1,5,5250,Yes,1,No,0,No,0,No,0
41,Grandvalira – Pas de la Casa/Grau Roig/Soldeu/El Tarter/Canillo/Encamp,42.54115005,1.733382094,Andorra,Europe,47,November - April,1,1,1,1,0,0,0,0,0,0,1,1,1,2640,1710,100,77,33,210,6,1032,37,28,7,72,99017,Yes,1,Yes,1,Yes,1,No,0
42,Rinerhorn (Davos Klosters),46.74122595,9.798008893,Switzerland,Europe,48,December - March,1,1,1,0,0,0,0,0,0,0,0,1,1,2490,1454,10,22,8,40,7,14,6,0,1,7,6900,Yes,1,Yes,1,No,0,No,0
43,Madrisa (Davos Klosters),46.9097225,9.877450678,Switzerland,Europe,52,December - March,1,1,1,0,0,0,0,0,0,0,0,1,1,2611,1142,6,9,9,24,8,9,7,2,1,10,6640,Yes,1,Yes,1,No,0,No,0
44,Jakobshorn (Davos Klosters),46.772399,9.8493406,Switzerland,Europe,58,December - April,1,1,1,1,0,0,0,0,0,0,0,1,1,2590,1540,25,13,2,40,6,140,5,5,3,13,15800,Yes,1,Yes,1,No,0,No,0
45,Glacier 3000 / Les Diablerets,46.3511021,7.1566435,Switzerland,Europe,54,October - May,1,1,1,1,1,0,0,0,0,1,1,1,1,3016,1343,9,3,12,24,8,0,4,3,3,10,10260,Yes,1,Yes,1,No,0,No,0
46,Big White,49.715991,-118.933872,Canada,North America,61,November - April,1,1,1,1,0,0,0,0,0,0,1,1,1,2285,1508,18,56,29,103,7,0,3,10,1,14,22625,Yes,1,Yes,1,Yes,1,No,0
47,Obergurgl-Hochgurgl,46.879426,11.0387065,Austria,Europe,50,November - May,1,1,1,1,1,0,0,0,0,0,1,1,1,3082,1793,35,55,20,110,8,320,13,7,8,28,38861,Yes,1,Yes,1,Yes,1,No,0
48,Coronet Peak,-44.9158907,168.7395712,New Zealand,Oceania,74,June - October,0,0,0,0,0,1,1,1,1,1,0,0,1,1649,1229,8,16,16,40,0,202,5,3,0,8,7200,Yes,1,Yes,1,Yes,1,Yes,1
49,Les Deux alpes,45.0099949,6.1237609,France,Europe,49,"December - April, June - August, October - November",1,1,1,1,0,1,1,1,0,1,1,1,3,3560,1280,110,56,34,200,16,224,26,21,7,54,72334,Yes,1,Yes,1,Yes,1,Yes,1
50,Valle Nevado,-33.352964,-70.2486776,Chile,South America,64,June - October,0,0,0,0,0,1,1,1,1,1,0,0,1,3670,2860,4,14,21,39,4,0,9,5,1,15,15930,Yes,1,Yes,1,No,0,Yes,1
51,Ben Lomond,-30.0237148,151.6591787,Australia,Oceania,47,July - September,0,0,0,0,0,0,1,1,1,0,0,0,1,1572,1460,2,3,1,6,0,0,0,7,0,7,0,Yes,1,No,0,No,0,Yes,1
52,Portillo,-32.8364183,-70.1290835,Chile,South America,57,June - October,0,0,0,0,0,1,1,1,1,1,0,0,1,3310,2580,10,4,6,20,3,0,9,5,0,14,9900,Yes,1,No,0,No,0,Yes,1
53,Catedral Alta Patagonia,-41.16556,-71.444171,Argentina,South America,51,June - October,0,0,0,0,0,1,1,1,1,1,0,0,1,2180,1030,30,60,30,120,9,0,19,17,2,38,35130,Yes,1,Yes,1,No,0,Yes,1
54,Whistler,50.1171903,-122.9543022,Canada,North America,93,"November - May, June - August",1,1,1,1,1,1,1,1,0,0,1,1,2,2284,653,40,110,50,200,11,300,14,18,5,37,59203,Yes,1,Yes,1,No,0,Yes,1
55,Stubai Glacier,46.995462,11.14049,Austria,Europe,46,September - June,1,1,1,1,1,1,0,0,1,1,1,1,1,3212,1697,19,15,4,38,10,69,14,7,5,26,39784,Yes,1,Yes,1,No,0,No,0
56,Fonna Glacier,60.2168823,6.435787158,Norway,Europe,42,May - September,0,0,0,0,1,1,1,1,1,0,0,0,1,1460,1200,2,2,0,4,0,0,1,0,0,1,1200,Yes,1,Yes,1,No,0,Yes,1
57,Tignes - Val d'Isere,45.4580331,6.918835739,France,Europe,56,"November - May, June - August",1,1,1,1,1,1,1,1,0,0,1,1,2,3456,1550,170,78,52,300,6,848,33,42,11,86,145461,Yes,1,Yes,1,No,0,Yes,1
58,La Plagne (Paradiski),45.50429855,6.704912253,France,Europe,50,December - April,1,1,1,1,0,0,0,0,0,0,0,1,1,3167,1207,139,59,27,225,6,417,56,32,12,100,136733,Yes,1,Yes,1,No,0,No,0
59,Les Orres,44.5140024,6.5510313,France,Europe,35,December - April,1,1,1,1,0,0,0,0,0,0,0,1,1,2720,1550,30,60,10,100,0,190,11,9,0,20,21020,Yes,1,Yes,1,No,0,No,0
60,Espace Diamant-Les Saisies/Notre-Dame-de-Bellecombe/Praz sur Arly/Flumet/Crest-Voland,45.78908,6.554098,France,Europe,40,December - April,1,1,1,1,0,0,0,0,0,0,0,1,1,2069,1000,132,49,11,192,7,472,53,30,0,83,90852,Yes,1,Yes,1,Yes,1,No,0
63,Le Lys - Cauterets,42.8823131,-0.1553793,France,Europe,37,November - April,1,1,1,1,0,0,0,0,0,0,1,1,1,1360,932,21,12,3,36,0,0,6,4,1,11,13038,Yes,1,Yes,1,No,0,No,0
64,Pont d'Espagne - Cauterets,42.8510114,-0.1399209,France,Europe,35,November - April,1,1,1,1,0,0,0,0,0,0,1,1,1,1756,1516,3,1,0,4,0,0,2,1,1,4,4150,Yes,1,No,0,No,0,No,0
65,La Grave - La Meije,45.0454525,6.3067223,France,Europe,49,December - April,1,1,1,1,0,0,0,0,0,0,0,1,1,3534,1470,3,0,0,3,0,0,1,0,2,3,1460,Yes,1,No,0,No,0,No,0
66,"Les 3 Vallees (Courchevel, Saint Martin de Belleville, and 4 others)",45.4140984,6.6349892,France,Europe,61,November - May,1,1,1,1,1,0,0,0,0,0,1,1,1,3230,1110,312,216,72,600,12,2383,62,63,40,165,250860,Yes,1,Yes,1,Yes,1,No,0
68,Alpe d'Huez,45.092401,6.0699443,France,Europe,51,December - April,1,1,1,1,0,0,0,0,0,0,0,1,1,3330,1125,70,130,50,250,16,963,27,21,20,68,92097,Yes,1,Yes,1,Yes,1,No,0
70,Sainte-Foy-Tarentaise,45.590355,6.8849094,France,Europe,31,December - April,1,1,1,1,0,0,0,0,0,0,0,1,1,2620,1550,10,25,6,41,0,10,2,4,0,6,7100,Yes,1,No,0,No,0,No,0
71,Les Arcs / Peisey-Vallandry (Paradiski),43.4629097,6.4786269,France,Europe,50,December - April,1,1,1,1,0,0,0,0,0,0,0,1,1,3226,1200,104,70,26,200,7,793,17,27,8,52,82641,Yes,1,Yes,1,Yes,1,No,0
73,Bonneval sur Arc,45.3716864,7.0467945,France,Europe,28,December - April,1,1,1,1,0,0,0,0,0,0,0,1,1,3000,1850,13,11,1,25,0,0,8,3,0,11,8213,Yes,1,No,0,No,0,No,0
75,Serre Chevalier-Briancon/Chantemerle/Villeneuve-la-Salle/Le Monetier-les-Bains,44.9107381,6.5500282,France,Europe,49,December - April,1,1,1,1,0,0,0,0,0,0,0,1,1,2800,1200,138,80,32,250,9,575,33,21,7,61,72066,Yes,1,Yes,1,Yes,1,No,0
76,Kleine Scheidegg / Mannlichen-Grindelwald / Wengen,46.5850987,7.9608968,Switzerland,Europe,55,November - April,1,1,1,1,0,0,0,0,0,0,1,1,1,2320,944,33,56,13,102,13,0,10,10,6,26,29250,Yes,1,No,0,No,0,No,0
77,Balme-Les Autannes-Vallorcine-Le Tour,46.2856827,4.7804099,France,Europe,51,December - April,1,1,1,1,0,0,0,0,0,0,0,1,1,2270,1453,13,16,0,29,0,0,8,2,2,12,14860,Yes,1,Yes,1,No,0,No,0
78,Grands Montets-Argentiere (Chamonix),45.9777193,6.9238925,France,Europe,62,December - May,1,1,1,1,1,0,0,0,0,0,0,1,1,3275,1252,6,9,14,29,6,0,1,4,4,9,15756,Yes,1,Yes,1,No,0,No,0
79,Winter Park Resort,39.87161425,-105.7827088,United States,North America,119,November - April,1,1,1,1,0,0,0,0,0,0,1,1,1,3676,2743,11,53,79,143,7,36,5,19,1,25,41130,Yes,1,Yes,1,No,0,No,0
80,Arcalis-Ordino (Vallnord),42.6271621,1.491260579,Andorra,Europe,37,November - April,1,1,1,1,0,0,0,0,0,0,1,1,1,2625,1940,13,14,3,30,5,106,10,4,1,15,14240,Yes,1,Yes,1,No,0,No,0
81,Ruka,66.1702656,29.1311291,Finland,Europe,43,October - June,1,1,1,1,1,1,0,0,0,1,1,1,1,492,291,9,7,2,18,1,70,17,5,0,22,22915,Yes,1,Yes,1,Yes,1,No,0
82,Levi,67.7844055,24.8557289,Finland,Europe,43,November - May,1,1,1,1,1,0,0,0,0,0,1,1,1,531,206,15,19,2,36,2,267,25,2,2,29,30110,Yes,1,Yes,1,Yes,1,No,0
83,Niseko,42.804684,140.6873034,Japan,Asia,57,November - May,1,1,1,1,1,0,0,0,0,0,1,1,1,1200,300,20,16,8,44,0,0,1,26,5,32,42400,Yes,1,Yes,1,Yes,1,No,0
84,Kranjska Gora,46.485132,13.7843957,Slovenia,Europe,33,December - April,1,1,1,1,0,0,0,0,0,0,0,1,1,1215,800,10,8,2,20,2,0,15,5,0,20,17774,Yes,1,Yes,1,Yes,1,No,0
85,El Tarter – Pas de la Casa/Grau Roig/Soldeu/Canillo/Encamp (Grandvalira),42.5803334,1.6496963,Andorra,Europe,47,November - April,1,1,1,1,0,0,0,0,0,0,1,1,1,2640,1710,100,77,33,210,0,1032,37,28,7,72,99017,Yes,1,Yes,1,Yes,1,No,0
86,Bansko,41.8344086,23.4841698,Bulgaria,Europe,30,December - April,1,1,1,1,0,0,0,0,0,0,0,1,1,2560,990,20,24,3,47,16,380,7,8,2,17,24233,Yes,1,Yes,1,Yes,1,No,0
87,Alta,42.6736893,-95.3039943,United States,North America,82,November - April,1,1,1,1,0,0,0,0,0,0,1,1,1,3215,2600,29,46,40,115,4,0,3,7,0,10,13100,Yes,1,No,0,Yes,1,No,0
88,Aspen Mountain,39.1760986,-106.8292058,United States,North America,124,November - April,1,1,1,1,0,0,0,0,0,0,1,1,1,3418,2422,0,49,54,103,4,0,0,7,1,8,13400,Yes,1,No,0,No,0,No,0
89,Aspen Highlands,61.103269,-149.7406566,United States,North America,124,December - April,1,1,1,1,0,0,0,0,0,0,0,1,1,3559,2451,24,40,70,134,5,0,0,5,0,5,7085,Yes,1,No,0,No,0,No,0
90,Squaw Valley,36.7402261,-119.246785,United States,North America,102,November - April,1,1,1,1,0,0,0,0,0,0,1,1,1,2760,1890,25,45,30,100,5,0,6,21,2,29,42932,Yes,1,Yes,1,Yes,1,No,0
91,Vail,39.6440207,-106.3801669,United States,North America,127,November - April,1,1,1,1,0,0,0,0,0,0,1,1,1,3433,2457,57,84,93,234,6,0,9,20,2,31,54858,Yes,1,Yes,1,No,0,No,0
92,Kitzsteinhorn - Kaprun,47.1880444,12.6874982,Austria,Europe,50,July,0,0,0,0,0,0,1,0,0,0,0,0,1,3029,1978,13,25,3,41,5,105,5,5,7,17,33598,Yes,1,Yes,1,No,0,Yes,1
93,Snowbasin,41.216317,-111.857428,United States,North America,85,November - April,1,1,1,1,0,0,0,0,0,0,1,1,1,2850,1950,5,28,15,48,5,400,2,6,3,11,17026,Yes,1,Yes,1,No,0,No,0
94,Beaver Creek,39.6048786,-106.5150017,United States,North America,141,November - April,1,1,1,1,0,0,0,0,0,0,1,1,1,3488,2255,28,64,57,149,4,0,8,13,3,24,38200,Yes,1,Yes,1,No,0,No,0
95,Glencoe Mountain,56.68154175,-5.10644312,United Kingdom,Europe,35,December - April,1,1,1,1,0,0,0,0,0,0,0,1,1,1070,360,7,10,7,24,0,0,6,2,0,8,5800,Yes,1,No,0,No,0,No,0
96,Sölden,46.9673961,11.0070193,Austria,Europe,53,September - May,1,1,1,1,1,0,0,0,1,1,1,1,1,3340,1350,70,44,29,143,15,363,12,16,8,36,70370,Yes,1,Yes,1,Yes,1,No,0
97,Kuühtai,47.212049,11.017326,Austria,Europe,37,November - April,1,1,1,1,0,0,0,0,0,0,1,1,1,2520,1938,6,26,8,40,4,80,6,5,1,12,17254,Yes,1,Yes,1,Yes,1,No,0
98,Breckenridge,32.7558392,-98.9032554,United States,North America,140,November - April,1,1,1,1,0,0,0,0,0,0,1,1,1,3914,2926,28,60,65,153,5,0,15,18,1,34,43880,Yes,1,Yes,1,No,0,No,0
99,Obertauern,47.2494362,13.5569603,Austria,Europe,46,November - May,1,1,1,1,1,0,0,0,0,0,1,1,1,2313,1630,61,35,4,100,5,280,11,18,2,31,50797,Yes,1,Yes,1,Yes,1,No,0
100,Elfer Neustift,47.1064691,11.3079828,Austria,Europe,29,December - March,1,1,1,0,0,0,0,0,0,0,0,1,1,2080,981,0,7,0,7,5,0,3,0,1,4,2980,Yes,1,No,0,No,0,No,0
101,Serfaus-Fiss-Ladis,47.0530324,10.61913705,Austria,Europe,49,December - April,1,1,1,1,0,0,0,0,0,0,0,1,1,2820,1200,47,123,28,198,10,1250,40,16,12,68,78460,Yes,1,Yes,1,Yes,1,No,0
102,Hochkonig-Maria Alm/Dienten/Muhlbach,47.38650655,12.95641323,Austria,Europe,52,December - April,1,1,1,1,0,0,0,0,0,0,0,1,1,1900,800,52,41,19,112,9,520,21,9,5,35,49232,Yes,1,Yes,1,Yes,1,No,0
103,Mayrhofen-Penken/Ahorn/Rastkogel/Eggalm,47.1672188,11.8638664,Austria,Europe,52,December - April,1,1,1,1,0,0,0,0,0,0,0,1,1,2500,630,40,66,30,136,10,286,31,17,9,57,82432,Yes,1,Yes,1,No,0,No,0
104,"Ski Arlberg (St. Anton, Lech, Zuers, St. Christoph)",47.18265425,10.14043361,Austria,Europe,53,December - April,1,1,1,1,0,0,0,0,0,0,0,1,1,2811,1270,130,123,51,304,10,747,53,45,15,113,145127,Yes,1,Yes,1,No,0,No,0
105,Axamer Lizum,47.1943801,11.3030187,Austria,Europe,38,November - April,1,1,1,1,0,0,0,0,0,0,1,1,1,2340,1580,7,21,2,30,3,0,3,6,1,10,13322,Yes,1,Yes,1,No,0,No,0
106,"Ski amedé (Flachau, Alpendorf)",47.3438501,13.3922888,Austria,Europe,52,November - April,1,1,1,1,0,0,0,0,0,0,1,1,1,1980,740,30,81,4,115,0,600,22,16,11,49,75398,Yes,1,Yes,1,No,0,No,0
107,Ski Juwel Alpbachtal Wildschonau,47.395203,11.92651,Austria,Europe,46,December - April,1,1,1,1,0,0,0,0,0,0,0,1,1,2025,830,25,53,13,91,7,294,32,7,8,47,52789,Yes,1,Yes,1,Yes,1,No,0
108,Ischgl,46.9862824,10.27451769,Austria,Europe,52,November - May,1,1,1,1,1,0,0,0,0,0,1,1,1,2872,1377,47,142,49,238,11,1200,13,25,7,45,88215,Yes,1,Yes,1,No,0,No,0
109,Bad Gastein,47.1144954,13.1352653,Austria,Europe,52,November - April,1,1,1,1,0,0,0,0,0,0,1,1,1,2300,860,30,52,2,84,10,800,10,9,7,26,32699,Yes,1,Yes,1,No,0,No,0
110,Gargellen,46.9721035,9.9187223,Austria,Europe,47,December - April,1,1,1,1,0,0,0,0,0,0,0,1,1,2300,1423,20,5,2,27,6,83,5,3,1,9,10650,Yes,1,Yes,1,No,0,No,0
112,Kitzbühel / Kirchberg (KitzSki),47.4463585,12.3911473,Austria,Europe,55,October - April,1,1,1,1,0,0,0,0,0,1,1,1,1,2000,800,101,61,17,179,8,1102,15,28,11,54,92510,Yes,1,Yes,1,Yes,1,No,0
113,Galtur,46.9194554,10.17059035,Austria,Europe,40,December - April,1,1,1,1,0,0,0,0,0,0,0,1,1,2300,1600,6,25,12,43,4,133,9,2,2,13,15442,Yes,1,Yes,1,Yes,1,No,0
114,Fieberbrunn - Saalbach Hinterglemm Leogang (Skicircus),47.45518755,12.54442426,Austria,Europe,53,November - April,1,1,1,1,0,0,0,0,0,0,1,1,1,2096,830,140,112,18,270,0,927,21,22,28,71,135104,Yes,1,Yes,1,Yes,1,No,0
115,Schladming (4-Berge-Skischauke),47.3940415,13.6867878,Austria,Europe,52,April,0,0,0,1,0,0,0,0,0,0,0,0,1,2015,745,46,68,8,122,4,600,16,20,10,46,71842,Yes,1,Yes,1,Yes,1,No,0
116,Ellmau (SkiWelt Wilder Kaiser-Brixental),47.51927245,12.29224775,Austria,Europe,49,December - April,1,1,1,1,0,0,0,0,0,0,0,1,1,1957,620,122,129,33,284,7,1700,54,35,16,105,147250,Yes,1,Yes,1,Yes,1,No,0
117,Zauchensee,47.2933062,13.4568962,Austria,Europe,52,April,0,0,0,1,0,0,0,0,0,0,0,0,1,2188,1000,23,16,4,43,6,113,9,6,4,19,25988,Yes,1,Yes,1,No,0,No,0
118,"SkiWelt Wilder Kaiser-Brixental (Westendorf, Söll)",47.3831879,12.22174856,Austria,Europe,49,December - April,1,1,1,1,0,0,0,0,0,0,0,1,1,1957,620,122,129,33,284,0,1700,54,35,16,105,147250,Yes,1,Yes,1,Yes,1,No,0
119,Silvretta Montafon,47.03503335,9.976778589,Austria,Europe,53,November - April,1,1,1,1,0,0,0,0,0,0,1,1,1,2430,700,60,45,8,113,12,330,25,18,10,53,67472,Yes,1,Yes,1,No,0,No,0
122,St. Johann in Tirol,47.5224141,12.4286809,Austria,Europe,44,December - April,1,1,1,1,0,0,0,0,0,0,0,1,1,1604,659,16,23,3,42,8,260,12,4,4,20,21100,Yes,1,No,0,Yes,1,No,0
124,Courmayeur / Checrouit - Val Veny,45.7874248,6.9730618,Italy,Europe,46,Unknown,2,0,0,0,0,0,0,0,0,0,0,0,0,2755,1205,16,21,4,41,0,280,4,8,6,18,24497,Yes,1,Yes,1,No,0,No,0
125,Sierra Nevada-Pradollano,37.0957512,-3.387885004,Spain,Europe,47,November - May,1,1,1,1,1,0,0,0,0,0,1,1,1,3282,2100,50,49,7,106,0,350,5,14,2,21,59205,Yes,1,Yes,1,Yes,1,No,0
126,Cortina d'Ampezzo,46.5383332,12.1373506,Italy,Europe,52,November - April,1,1,1,1,0,0,0,0,0,0,1,1,1,2924,1224,45,55,20,120,11,130,8,26,6,40,48089,Yes,1,Yes,1,No,0,No,0
127,Val Senales Glacier,46.7699617,10.7974224,Italy,Europe,44,October - May,1,1,1,1,1,0,0,0,0,1,1,1,1,3212,2011,8,7,11,26,8,0,6,6,2,14,15838,Yes,1,Yes,1,No,0,No,0
128,Saas-Fee,46.107342,7.9247055,Switzerland,Europe,63,July - April,1,1,1,1,0,0,1,1,1,1,1,1,1,3573,1800,20,60,20,100,14,102,14,2,9,25,25160,Yes,1,Yes,1,No,0,Yes,1
129,Champoluc (Monterosa Ski),45.8366951,7.731371649,Italy,Europe,43,December - April,1,1,1,1,0,0,0,0,0,0,0,1,1,3275,1212,23,94,15,132,0,655,9,9,12,30,31984,Yes,1,Yes,1,No,0,No,0
130,Kronplatz (Plan de Corones),46.7387791,11.9583111,Italy,Europe,54,November - April,1,1,1,1,0,0,0,0,0,0,1,1,1,2275,973,52,42,25,119,7,450,6,5,21,32,71205,Yes,1,Yes,1,Yes,1,No,0
131,Formigal,42.7741349,-0.3608611,Spain,Europe,44,November - April,1,1,1,1,0,0,0,0,0,0,1,1,1,2251,1501,47,70,20,137,6,440,9,11,0,20,29450,Yes,1,Yes,1,No,0,No,0
132,Baqueira / Beret,42.6988865,0.9347175,Spain,Europe,50,December - April,1,1,1,1,0,0,0,0,0,0,0,1,1,2510,1471,79,52,19,150,5,629,14,19,2,35,53997,Yes,1,Yes,1,No,0,No,0
135,Wasserngrat (Gstaad),46.4643909,7.3169684,Switzerland,Europe,54,December - March,1,1,1,0,0,0,0,0,0,0,0,1,1,1900,1275,3,3,2,8,0,0,0,1,0,1,900,Yes,1,No,0,No,0,No,0
136,Wispile (Gstaad),46.4518335,7.296177853,Switzerland,Europe,54,December - March,1,1,1,0,0,0,0,0,0,0,0,1,1,1941,1046,3,3,1,7,0,0,3,0,2,5,3601,Yes,1,No,0,Yes,1,No,0
137,Crans-Montana,46.3304899,7.526435804,Switzerland,Europe,60,November - April,1,1,1,1,0,0,0,0,0,0,1,1,1,1510,540,55,70,15,140,12,0,12,6,5,23,29500,Yes,1,Yes,1,No,0,No,0
138,Brunni - Engelberg,46.84087305,8.410638259,Switzerland,Europe,38,December - April,1,1,1,1,0,0,0,0,0,0,0,1,1,2040,1050,2,3,2,7,0,0,3,1,1,5,2577,Yes,1,No,0,No,0,No,0
139,Arosa Lenzerheide,46.7548885,9.566024408,Switzerland,Europe,63,October - April,1,1,1,1,0,0,0,0,0,1,1,1,1,2865,1229,111,87,27,225,4,0,24,18,8,50,63936,Yes,1,Yes,1,Yes,1,No,0
140,"4 Vallees (Verbier, Nendaz, Thyon, Veysonnaz)",46.1003545,7.276506393,Switzerland,Europe,66,December - April,1,1,1,1,0,0,0,0,0,0,0,1,1,3330,821,107,202,103,412,8,0,39,17,19,75,85022,Yes,1,Yes,1,Yes,1,No,0
141,St. Moritz - Corviglia,46.5079945,9.818959,Switzerland,Europe,69,November - April,1,1,1,1,0,0,0,0,0,0,1,1,1,3057,1720,42,79,34,155,6,170,11,12,5,28,31220,Yes,1,Yes,1,No,0,No,0
142,Gresse en Vercors,44.9011374,5.5662216,France,Europe,19,December - March,1,1,1,0,0,0,0,0,0,0,0,1,1,1751,1245,8,7,5,20,0,51,10,1,0,11,6808,Yes,1,Yes,1,No,0,No,0
144,Villars - Gryon / Les Diablerets,46.3289335,7.1096087,Switzerland,Europe,54,December - April,1,1,1,1,0,0,0,0,0,0,0,1,1,2120,1224,51,45,4,100,0,0,20,9,4,33,38905,Yes,1,Yes,1,No,0,No,0
147,Buchenberg-Buching-Halblech-,47.606423,10.8106751,Germany,Europe,25,December - March,1,1,1,0,0,0,0,0,0,0,0,1,1,1140,810,2,4,0,6,0,0,2,1,0,3,2800,Yes,1,No,0,No,0,No,0
151,Les Sybelles-Le Corbier-La Toussuire-Les Bottieres-St Colomban des Villards-St Sorlin-St Jean d’Arves,45.25492475,6.248865708,France,Europe,44,December - April,1,1,1,1,0,0,0,0,0,0,0,1,1,2620,1100,53,239,18,310,7,514,44,28,0,72,83807,Yes,1,Yes,1,Yes,1,No,0
152,Le Grand Massif-Flaine-Les Carroz-Morillon-Samoens-Sixt,46.0298218,6.695615648,France,Europe,47,December - April,1,1,1,1,0,0,0,0,0,0,0,1,1,2476,694,135,95,35,265,14,1100,34,29,9,72,97624,Yes,1,Yes,1,No,0,No,0
153,Megeve-Saint-Gervais,45.845128,6.685666167,France,Europe,46,December - April,1,1,1,1,0,0,0,0,0,0,0,1,1,2353,850,98,134,31,263,5,888,50,27,9,86,106362,Yes,1,Yes,1,Yes,1,No,0
154,Big Sky Resort,45.2839783,-111.401115,United States,North America,110,November - April,1,1,1,1,0,0,0,0,0,0,1,1,1,3398,2072,55,69,126,250,9,0,11,22,1,34,36283,Yes,1,Yes,1,No,0,No,0
155,Snowmass,39.3316513,-106.986156,United States,North America,124,November - April,1,1,1,1,0,0,0,0,0,0,1,1,1,3813,2473,14,111,111,236,8,0,6,13,2,21,27765,Yes,1,Yes,1,Yes,1,No,0
156,Soldeu-Pas de la Casa/Grau Roig/El Tarter/Canillo/Encamp (Grandvalira),42.5768944,1.6682694,Andorra,Europe,47,November - April,1,1,1,1,0,0,0,0,0,0,1,1,1,2640,1710,100,77,33,210,0,1032,37,28,7,72,99017,Yes,1,Yes,1,Yes,1,No,0
157,Laax-Flims-Falera,46.849618,9.217180661,Switzerland,Europe,68,October - April,1,1,1,1,0,0,0,0,0,1,1,1,1,3018,1100,88,81,19,188,14,300,13,9,11,33,46116,Yes,1,Yes,1,No,0,No,0
158,Vars-Risoul-La Foret Blanche,47.5343201,5.5342065,France,Europe,39,December - April,1,1,1,1,0,0,0,0,0,0,0,1,1,2750,1650,75,90,20,185,0,0,32,17,2,51,50145,Yes,1,Yes,1,Yes,1,No,0
159,Le Grand Domaine-Valmorel-Doucy-Celliers-St Francois Longchamp,48.618833,-2.2673293,France,Europe,44,December - April,1,1,1,1,0,0,0,0,0,0,0,1,1,2550,1250,115,35,15,165,0,332,36,17,3,56,60248,Yes,1,Yes,1,No,0,No,0
160,Galibier Thabor-Valmeinier-Valloire,45.1604887,6.464502618,France,Europe,39,December - April,1,1,1,1,0,0,0,0,0,0,0,1,1,2594,1430,75,60,15,150,0,400,12,17,2,31,43300,Yes,1,Yes,1,Yes,1,No,0
161,Zillertal Arena-Zell am Ziller-Gerlos-Konigsleiten-Hochkrimml,47.24372605,12.03918599,Austria,Europe,52,December - April,1,1,1,1,0,0,0,0,0,0,0,1,1,2500,580,43,89,11,143,10,792,22,21,13,56,89415,Yes,1,Yes,1,No,0,No,0
162,La Molina-Masella-Alp2500,42.3427392,1.9562059,Spain,Europe,45,November - April,1,1,1,1,0,0,0,0,0,0,1,1,1,2531,1616,76,47,18,141,0,1010,19,13,1,33,39750,Yes,1,Yes,1,Yes,1,No,0
163,Lake Louise,51.4249668,-116.177535,Canada,North America,66,November - May,1,1,1,1,1,0,0,0,0,0,1,1,1,2637,1646,35,62,42,139,8,0,4,5,1,10,14040,Yes,1,Yes,1,No,0,No,0
164,Auron-Saint-Etienne-de-Tinee-,44.2262702,6.9309839,France,Europe,34,December - April,1,1,1,1,0,0,0,0,0,0,0,1,1,1600,1150,60,45,30,135,8,440,7,9,3,19,25030,Yes,1,Yes,1,No,0,No,0
165,Powder Mountain,48.8773577,-120.7676146,United States,North America,67,November - April,1,1,1,1,0,0,0,0,0,0,1,1,1,2712,2101,30,50,55,135,0,0,3,6,0,9,13470,Yes,1,Yes,1,Yes,1,No,0
166,Keystone,41.9988889,-92.1979353,United States,North America,120,November - April,1,1,1,1,0,0,0,0,0,0,1,1,1,3651,2835,25,65,45,135,5,0,7,11,4,22,30500,Yes,1,Yes,1,Yes,1,No,0
167,Alta Badia,46.56467025,11.91021932,Italy,Europe,52,December - April,1,1,1,1,0,0,0,0,0,0,0,1,1,2550,1324,70,52,8,130,8,391,18,30,11,59,89327,Yes,1,Yes,1,No,0,No,0
168,Killington,43.67433,-72.7784445,United States,North America,90,November - May,1,1,1,1,1,0,0,0,0,0,1,1,1,1285,355,37,43,46,126,9,1500,5,15,3,23,41660,Yes,1,Yes,1,No,0,No,0
169,Copper Mountain,37.4781086,-90.3856733,United States,North America,89,November - April,1,1,1,1,0,0,0,0,0,0,1,1,1,3767,2926,30,40,56,126,0,0,7,15,1,23,29084,Yes,1,Yes,1,No,0,No,0
170,La Clusaz-Manigod,45.883562,6.419691113,France,Europe,37,December - April,1,1,1,1,0,0,0,0,0,0,0,1,1,2477,1040,62,40,23,125,0,223,28,14,7,49,59346,Yes,1,Yes,1,Yes,1,No,0
171,Espace Villard Correncon-Villard-de-Lans-Correncon-en-Vercors,45.044532,5.559564,France,Europe,36,December - April,1,1,1,1,0,0,0,0,0,0,0,1,1,2050,1050,50,50,25,125,0,339,18,7,3,28,26600,Yes,1,Yes,1,No,0,No,0
172,Val Cenis-Lanslevillard-Lanslebourg-Termignon,45.2768658,6.8170409,France,Europe,36,December - April,1,1,1,1,0,0,0,0,0,0,0,1,1,2800,1300,73,42,10,125,0,200,13,13,2,28,39824,Yes,1,Yes,1,Yes,1,No,0
173,Isola 2000,44.1869246,7.145441205,France,Europe,34,December - April,1,1,1,1,0,0,0,0,0,0,0,1,1,2603,1800,75,35,10,120,8,430,12,7,3,22,21807,Yes,1,Yes,1,Yes,1,No,0
174,Obersaxen-Mundaun-Val Lumnezia,46.7487613,9.1022712,Switzerland,Europe,51,December - April,1,1,1,1,0,0,0,0,0,0,0,1,1,2310,1201,60,40,20,120,15,297,10,9,0,19,20720,Yes,1,Yes,1,Yes,1,No,0
175,Les 7 Laux-Prapoutel-Le Pleynet-Pipay,45.2602174,6.033591377,France,Europe,36,December - April,1,1,1,1,0,0,0,0,0,0,0,1,1,2400,1350,46,36,38,120,0,200,15,8,1,24,32232,Yes,1,Yes,1,No,0,No,0
176,Corvatsch-Furtschellas,46.4450516,9.819511761,Switzerland,Europe,69,November - May,1,1,1,1,1,0,0,0,0,0,1,1,1,3303,1797,13,89,17,119,9,0,5,6,3,14,18510,Yes,1,Yes,1,Yes,1,No,0
177,Sugarloaf,38.3481772,-76.0335483,United States,North America,81,November - April,1,1,1,1,0,0,0,0,0,0,1,1,1,1286,426,28,40,51,119,5,0,2,12,0,14,20720,Yes,1,Yes,1,No,0,No,0
178,Silver Star,45.015082,-75.6437706,Canada,North America,62,November - April,1,1,1,1,0,0,0,0,0,0,1,1,1,1915,1155,20,50,45,115,8,0,4,6,0,10,12000,Yes,1,Yes,1,Yes,1,No,0
179,Taos,36.4072377,-105.573284,United States,North America,84,November - April,1,1,1,1,0,0,0,0,0,0,1,1,1,3795,2805,27,28,58,113,0,0,4,11,0,15,17000,Yes,1,Yes,1,No,0,No,0
180,Nassfeld-Hermagor,46.58465625,13.24612886,Austria,Europe,46,December - April,1,1,1,1,0,0,0,0,0,0,0,1,1,2002,600,30,69,11,110,7,483,16,9,5,30,49386,Yes,1,Yes,1,Yes,1,No,0
181,Sunshine Village,51.08952535,-115.7622016,Canada,North America,66,November - May,1,1,1,1,1,0,0,0,0,0,1,1,1,2730,1660,25,50,34,109,8,2,2,9,1,12,20950,Yes,1,Yes,1,No,0,No,0
182,Mondole Ski-Artesina-Frabosa Soprana-Prato Nevoso,44.249446,7.775081,Italy,Europe,33,Unknown,2,0,0,0,0,0,0,0,0,0,0,0,0,807,803,42,51,11,104,0,0,19,14,0,33,26068,Yes,1,Yes,1,Yes,1,No,0
183,Aletsch Arena-Riederalp-Bettmeralp-Fiesch Eggishorn,46.3895305,8.0609271,Switzerland,Europe,53,December - April,1,1,1,1,0,0,0,0,0,0,0,1,1,1845,759,42,50,12,104,4,258,18,8,12,38,41109,Yes,1,Yes,1,Yes,1,No,0
184,Bad Kleinkirchheim-St. Oswald,46.8442215,13.7662406,Austria,Europe,47,December - April,1,1,1,1,0,0,0,0,0,0,0,1,1,2055,1087,18,77,8,103,7,800,17,7,4,28,31186,Yes,1,Yes,1,Yes,1,No,0
185,Snowbird,40.5807546,-111.6572955,United States,North America,99,November - May,1,1,1,1,1,0,0,0,0,0,1,1,1,3353,2365,27,38,38,103,5,0,2,10,1,13,17900,Yes,1,Yes,1,Yes,1,No,0
186,Bardonecchia,45.078339,6.703205,Italy,Europe,36,December - April,1,1,1,1,0,0,0,0,0,0,0,1,1,2694,1312,54,38,8,100,0,0,13,9,1,23,27588,Yes,1,Yes,1,No,0,No,0
187,Saint-Lary-Soulan,42.816936,0.3219538,France,Europe,42,December - April,1,1,1,1,0,0,0,0,0,0,0,1,1,1600,812,60,30,10,100,3,290,17,11,3,31,38733,Yes,1,Yes,1,Yes,1,No,0
188,Orcieres Merlette 1850,44.6972064,6.3235516,France,Europe,34,December - April,1,1,1,1,0,0,0,0,0,0,0,1,1,2725,1850,55,38,7,100,0,0,20,7,3,30,29605,Yes,1,Yes,1,No,0,No,0
189,Devoluy-Superdevoluy-La Joue du Loup,44.68440895,5.898484198,France,Europe,36,December - April,1,1,1,1,0,0,0,0,0,0,0,1,1,2450,1450,60,30,10,100,0,180,18,5,1,24,27646,Yes,1,Yes,1,No,0,No,0
190,Grand Tourmalet-Pic du Midi-La Mongie-Bareges,42.9087613,0.1674113,France,Europe,42,November - April,1,1,1,1,0,0,0,0,0,0,1,1,1,2500,1250,58,35,7,100,6,0,21,15,2,38,40231,Yes,1,Yes,1,No,0,No,0
191,Mt. Rose,40.369273,-74.7390499,United States,North America,93,November - April,1,1,1,1,0,0,0,0,0,0,1,1,1,2957,2407,20,30,50,100,3,0,2,6,0,8,15000,Yes,1,Yes,1,No,0,No,0
192,Mt. Buller,-37.2694615,146.4008688,Australia,Oceania,87,May - October,0,0,0,0,1,1,1,1,1,1,0,0,1,1790,1390,25,45,30,100,2,216,13,13,1,27,33600,Yes,1,Yes,1,Yes,1,Yes,1
193,Mt. Baker,48.7767701,-121.814566,United States,North America,50,November - May,1,1,1,1,1,0,0,0,0,0,1,1,1,1525,1070,24,45,31,100,3,0,2,8,0,10,15500,Yes,1,Yes,1,No,0,No,0
194,Alpine Meadows,39.1785177,-120.2276948,United States,North America,102,November - April,1,1,1,1,0,0,0,0,0,0,1,1,1,2632,2083,25,40,35,100,5,0,2,11,0,13,16200,Yes,1,Yes,1,No,0,No,0
195,Deer Valley,48.1815678,-117.3007731,United States,North America,109,December - April,1,1,1,1,0,0,0,0,0,0,0,1,1,2917,2003,27,41,32,100,3,0,3,20,1,24,46600,Yes,1,No,0,No,0,No,0
196,Perisher,-36.3961667,148.408582,Australia,Oceania,0,June - October,0,0,0,0,0,1,1,1,1,1,0,0,1,1605,1125,22,60,18,100,3,271,34,14,1,49,46975,Yes,1,Yes,1,Yes,1,Yes,1
197,Wolf Creek,42.6955158,-123.3952995,United States,North America,56,November - April,1,1,1,1,0,0,0,0,0,0,1,1,1,3628,3139,20,35,45,100,0,0,2,7,0,9,11200,Yes,1,No,0,No,0,No,0
198,Wenatchee-Mission Ridge,47.4234599,-120.310349,United States,North America,54,November - April,1,1,1,1,0,0,0,0,0,0,1,1,1,2078,1392,10,60,30,100,3,0,2,4,0,6,4910,Yes,1,No,0,Yes,1,No,0
199,Mt. Bachelor,43.9792818,-121.688365,United States,North America,79,November - May,1,1,1,1,1,0,0,0,0,0,1,1,1,2763,1737,15,25,60,100,4,0,2,11,0,13,25900,Yes,1,Yes,1,No,0,No,0
200,Northstar California Resort,39.274701,-120.12192,United States,North America,120,November - April,1,1,1,1,0,0,0,0,0,0,1,1,1,2624,1929,25,45,27,97,4,0,7,10,3,20,28002,Yes,1,Yes,1,No,0,No,0
201,Parsenn (Davos Klosters),46.842102,9.835342208,Switzerland,Europe,61,November - April,1,1,1,1,0,0,0,0,0,0,1,1,1,2844,810,20,60,16,96,12,169,4,6,8,18,26795,Yes,1,Yes,1,No,0,No,0
202,Schweitzer Mountain Resort,48.368467,-116.623291,United States,North America,66,November - April,1,1,1,1,0,0,0,0,0,0,1,1,1,1950,1206,20,40,35,95,4,0,2,7,0,9,14200,Yes,1,Yes,1,Yes,1,No,0
203,Heavenly,33.741419,-117.7555797,United States,North America,120,November - April,1,1,1,1,0,0,0,0,0,0,1,1,1,3060,2001,18,42,34,94,8,265,8,18,2,28,42790,Yes,1,Yes,1,No,0,No,0
204,Castle Mountain,51.3065203,-115.9455963,Canada,North America,50,December - April,1,1,1,1,0,0,0,0,0,0,0,1,1,2273,1410,9,20,65,94,5,0,3,4,1,8,6100,Yes,1,Yes,1,No,0,No,0
205,Oberau (Wildschonau),47.4234974,12.0307428,Austria,Europe,30,December - March,1,1,1,0,0,0,0,0,0,0,0,1,1,1130,900,1,0,1,2,0,0,2,0,0,2,1932,Yes,1,No,0,No,0,No,0
206,Loveland,40.3977612,-105.0749801,United States,North America,61,October - May,1,1,1,1,1,0,0,0,0,1,1,1,1,3871,3245,12,38,43,93,3,0,2,9,0,11,13000,Yes,1,Yes,1,No,0,No,0
207,Stratton,43.0428562,-72.9109334,United States,North America,90,November - April,1,1,1,1,0,0,0,0,0,0,1,1,1,1181,600,60,20,12,92,0,0,3,9,1,13,26900,Yes,1,Yes,1,Yes,1,No,0
208,Falls Creek,-36.878683,147.2441791,Australia,Oceania,87,June - September,0,0,0,0,0,1,1,1,1,0,0,0,1,1780,1500,15,65,12,92,3,0,6,8,0,14,19992,Yes,1,Yes,1,Yes,1,Yes,1
209,Bald Mountain-Sun Valley,43.6829549,-114.4019636,United States,North America,107,December - April,1,1,1,1,0,0,0,0,0,0,0,1,1,2788,1752,35,40,17,92,0,0,1,12,1,14,24500,Yes,1,No,0,No,0,No,0
210,Åre,63.4010888,13.0822241,Sweden,Europe,45,November - May,1,1,1,1,1,0,0,0,0,0,1,1,1,1274,380,45,38,8,91,6,0,27,5,4,36,39000,Yes,1,Yes,1,Yes,1,No,0
211,Whitefish Mountain Resort,48.48108275,-114.3578504,United States,North America,65,December - April,1,1,1,1,0,0,0,0,0,0,0,1,1,2078,1361,18,46,27,91,5,0,3,12,0,15,22600,Yes,1,Yes,1,Yes,1,No,0
212,Alto Sangro-Roccaraso-Rivisondoli,41.848167,14.079594,Italy,Europe,41,December - April,1,1,1,1,0,0,0,0,0,0,0,1,1,2141,1309,37,32,20,89,0,0,11,11,4,26,36602,Yes,1,No,0,No,0,No,0
213,Chamrousse,45.1171487,5.893161879,France,Europe,34,December - April,1,1,1,1,0,0,0,0,0,0,0,1,1,2250,1400,45,35,10,90,0,78,8,7,1,16,24398,Yes,1,Yes,1,Yes,1,No,0
214,Valberg-Beuil les Launes,44.0956228,6.9301384,France,Europe,32,December - April,1,1,1,1,0,0,0,0,0,0,0,1,1,2020,1412,45,35,10,90,0,400,22,7,0,29,25940,Yes,1,Yes,1,No,0,No,0
215,Mt. Hood Meadows,45.338708,-121.6655282,United States,North America,76,November - April,1,1,1,1,0,0,0,0,0,0,1,1,1,2225,1378,13,45,31,89,4,0,0,11,0,11,20603,Yes,1,Yes,1,Yes,1,No,0
216,Sugar Bowl,42.9932326,-115.2420141,United States,North America,98,November - April,1,1,1,1,0,0,0,0,0,0,1,1,1,2555,2098,15,40,34,89,4,0,2,12,1,15,25544,Yes,1,Yes,1,No,0,No,0
217,Mammoth Mountain,37.6307692,-119.032634,United States,North America,114,November - June,1,1,1,1,1,1,0,0,0,0,1,1,1,3369,2424,18,48,22,88,6,120,9,22,3,34,54830,Yes,1,Yes,1,No,0,No,0
218,Telluride,37.9374939,-107.812285,United States,North America,110,November - April,1,1,1,1,0,0,0,0,0,0,1,1,1,3815,2659,6,51,29,86,7,0,4,11,5,20,22638,Yes,1,Yes,1,No,0,No,0
219,Adelboden-Lenk-Chuenisbargli-Silleren-Hahnenmoos-Metsch,46.4927213,7.5587618,Switzerland,Europe,55,December - April,1,1,1,1,0,0,0,0,0,0,0,1,1,1260,1072,44,38,6,88,6,500,12,8,6,26,34620,Yes,1,Yes,1,Yes,1,No,0
220,Rinderberg-Saanerslochgrat-Horneggli-Zweisimmen-Saanenmoser-Schonried-St. Stephan,46.9463748,8.0499977,Switzerland,Europe,54,December - April,1,1,1,1,0,0,0,0,0,0,0,1,1,2011,948,62,21,4,87,0,0,9,8,4,21,18360,Yes,1,Yes,1,Yes,1,No,0
221,Sugarbush,44.5417138,-73.9698685,United States,North America,83,November - April,1,1,1,1,0,0,0,0,0,0,1,1,1,1240,452,17,40,30,87,5,351,3,13,0,16,25652,Yes,1,Yes,1,No,0,No,0
222,Graukogel-Bad Gastein,47.1110862,13.15623357,Austria,Europe,36,December - March,1,1,1,0,0,0,0,0,0,0,0,1,1,2007,1079,3,6,2,11,0,0,1,2,0,3,3352,Yes,1,No,0,No,0,No,0
223,Marmot Basin-Jasper,52.8005917,-118.0833546,Canada,North America,60,November - April,1,1,1,1,0,0,0,0,0,0,1,1,1,2410,1698,26,26,34,86,5,0,1,6,0,7,11600,Yes,1,Yes,1,No,0,No,0
224,Les Portes du Mont-Blanc-Combloux-Megeve le Jaillet-La Giettaz,44.868928,5.594792482,France,Europe,35,December - April,1,1,1,1,0,0,0,0,0,0,0,1,1,1835,1113,28,50,7,85,0,0,16,8,1,25,29842,Yes,1,No,0,No,0,No,0
225,Purgatory-Durango,37.5558754,-107.7795294,United States,North America,76,November - April,1,1,1,1,0,0,0,0,0,0,1,1,1,3299,2680,15,40,30,85,0,0,2,9,0,11,16700,Yes,1,Yes,1,No,0,No,0
226,Le Grand Bornand,45.9418675,6.4271457,France,Europe,37,December - April,1,1,1,1,0,0,0,0,0,0,0,1,1,2100,1000,49,27,8,84,0,233,18,13,2,33,36904,Yes,1,Yes,1,Yes,1,No,0
227,Sunday River,44.4627415,-70.8196141,United States,North America,85,October - April,1,1,1,1,0,0,0,0,0,1,1,1,1,957,250,30,40,14,84,4,0,1,13,1,15,29950,Yes,1,Yes,1,Yes,1,No,0
228,Kaltenbach-Hochzillertal-Hochfugen-SKi-optimal-,47.27705405,11.8486795,Austria,Europe,52,November - April,1,1,1,1,0,0,0,0,0,0,1,1,1,2378,600,28,41,13,82,11,400,22,12,5,39,59933,Yes,1,Yes,1,Yes,1,No,0
229,Shigakogen Mountain Resort,36.716356,138.492755,Japan,Asia,39,December - May,1,1,1,1,1,0,0,0,0,0,0,1,1,2307,1335,41,30,12,83,0,0,0,54,4,58,83750,Yes,1,Yes,1,Yes,1,No,0
230,Grimentz-Zinal,46.1776631,7.5744978,Switzerland,Europe,51,December - April,1,1,1,1,0,0,0,0,0,0,0,1,1,2900,1570,26,28,26,80,0,96,13,5,3,21,19345,Yes,1,Yes,1,No,0,No,0
231,Kimberley,49.6850876,-115.9819477,Canada,North America,49,December - April,1,1,1,1,0,0,0,0,0,0,0,1,1,1982,1230,15,35,30,80,6,11,2,3,0,5,5452,Yes,1,Yes,1,Yes,1,No,0
232,Civetta-Alleghe-Selva di Cadore-Palafavera-Zoldo,46.358117,12.05748586,Italy,Europe,43,December - April,1,1,1,1,0,0,0,0,0,0,0,1,1,2100,1000,30,44,6,80,0,100,10,10,3,23,33289,Yes,1,Yes,1,Yes,1,No,0
233,Ax les Thermes,42.7193597,1.8379765,France,Europe,37,December - April,1,1,1,1,0,0,0,0,0,0,0,1,1,1400,720,40,25,15,80,0,0,11,6,2,19,21320,Yes,1,Yes,1,No,0,No,0
234,Mzaar Kfardebian,33.9721286,35.8395666,Lebanon,Asia,51,Unknown,2,0,0,0,0,0,0,0,0,0,0,0,0,2465,1850,46,30,4,80,0,0,0,0,0,0,0,Yes,1,No,0,No,0,No,0
235,Yellowstone Club,45.6681984,-111.067446,United States,North America,0,November - April,1,1,1,1,0,0,0,0,0,0,1,1,1,3005,2182,30,30,20,80,4,0,4,11,0,15,14886,Yes,1,No,0,No,0,No,0
236,Damuls Mellau,47.314039,9.894201083,Austria,Europe,49,December - April,1,1,1,1,0,0,0,0,0,0,0,1,1,2050,690,37,39,1,77,7,130,10,13,2,25,37160,Yes,1,Yes,1,No,0,No,0
237,Mont Tremblant,46.11588,-74.5891426,Canada,North America,60,November - April,1,1,1,1,0,0,0,0,0,0,1,1,1,875,230,16,25,37,78,6,1041,3,8,3,14,24700,Yes,1,Yes,1,No,0,No,0
238,Smugglers' Notch,41.0514432,-85.3239218,United States,North America,65,November - April,1,1,1,1,0,0,0,0,0,0,1,1,1,1112,314,13,41,24,78,4,0,3,6,0,9,7053,Yes,1,Yes,1,No,0,No,0
239,Rosa Khutor,43.6709708,40.2970765,Russia,Europe,22,December - April,1,1,1,1,0,0,0,0,0,0,0,1,1,2320,940,30,26,21,77,7,450,6,11,10,27,49228,Yes,1,Yes,1,No,0,No,0
240,Zell am See,47.3239636,12.7963165,Austria,Europe,50,December - April,1,1,1,1,0,0,0,0,0,0,0,1,1,2000,760,30,28,19,77,6,450,9,10,8,27,48407,Yes,1,Yes,1,Yes,1,No,0
241,Cerler,42.5927404,0.5384221,Spain,Europe,42,December - April,1,1,1,1,0,0,0,0,0,0,0,1,1,2621,1505,35,27,14,76,0,0,10,9,0,19,20670,Yes,1,Yes,1,No,0,No,0
242,Jay Peak,47.6313713,-120.8295337,United States,North America,70,Unknown,2,0,0,0,0,0,0,0,0,0,0,0,0,1175,563,15,31,30,76,0,0,2,6,1,9,11675,Yes,1,No,0,No,0,No,0
243,Three Peaks Dolomites-Helm-Stiergarten-Rotwand-Kreuzbergpass,46.731048,12.327947,Italy,Europe,51,November - April,1,1,1,1,0,0,0,0,0,0,1,1,1,2200,1130,17,39,18,74,4,250,20,4,6,30,21535,Yes,1,Yes,1,No,0,No,0
244,Puy St. Vincent,44.8279543,6.4926273,France,Europe,34,December - April,1,1,1,1,0,0,0,0,0,0,0,1,1,2677,1407,28,34,13,75,0,95,4,8,0,12,17155,Yes,1,Yes,1,Yes,1,No,0
245,Angel Fire,36.3930879,-105.2850091,United States,North America,62,December - March,1,1,1,0,0,0,0,0,0,0,0,1,1,3256,2591,40,28,7,75,4,0,2,5,0,7,7200,Yes,1,Yes,1,Yes,1,No,0
246,Folgaria-Fiorentini,45.9149727,11.173015,Italy,Europe,40,December - April,1,1,1,1,0,0,0,0,0,0,0,1,1,1850,1200,36,32,5,73,3,280,13,17,0,30,35900,Yes,1,Yes,1,No,0,No,0
247,Titlis-Engelberg,46.8228773,8.400657035,Switzerland,Europe,57,October - May,1,1,1,1,1,0,0,0,0,1,1,1,1,3020,1000,34,26,12,72,12,180,7,6,7,20,23316,Yes,1,Yes,1,No,0,No,0
248,Trysil,61.3561472,12.36702596,Norway,Europe,46,October - May,1,1,1,1,1,0,0,0,0,1,1,1,1,1100,415,33,18,20,71,5,418,29,7,0,36,36182,Yes,1,Yes,1,Yes,1,No,0
249,Nauders am Reschenpass-Bergkastel,46.87101815,10.53500477,Austria,Europe,42,December - April,1,1,1,1,0,0,0,0,0,0,0,1,1,2850,1400,24,34,13,71,9,92,11,5,1,17,17651,Yes,1,Yes,1,No,0,No,0
250,Bridger Bowl-Bozeman,45.7032833,-111.0255228,United States,North America,49,December - April,1,1,1,1,0,0,0,0,0,0,0,1,1,2682,1860,20,26,25,71,5,0,1,8,0,9,11900,Yes,1,Yes,1,No,0,No,0
251,Brian Head,37.6927551,-112.8507766,United States,North America,59,November - April,1,1,1,1,0,0,0,0,0,0,1,1,1,3328,2926,22,24,25,71,0,0,3,8,0,11,13200,Yes,1,No,0,Yes,1,No,0
252,Grossarltal-Dorfgastein,47.23837965,13.17939658,Austria,Europe,50,December - April,1,1,1,1,0,0,0,0,0,0,0,1,1,2033,850,25,43,1,69,8,0,7,8,5,20,29710,Yes,1,Yes,1,No,0,No,0
253,Thredbo,-36.5047751,148.3057091,Australia,Oceania,84,June - September,0,0,0,0,0,1,1,1,1,0,0,0,1,2037,1365,7,60,3,70,5,177,7,7,0,14,17050,Yes,1,Yes,1,No,0,Yes,1
254,Stowe,44.4654236,-72.6854695,United States,North America,106,November - April,1,1,1,1,0,0,0,0,0,0,1,1,1,1116,390,20,42,8,70,6,400,3,8,2,13,20300,Yes,1,Yes,1,Yes,1,No,0
255,Katschberg,47.0593103,13.615553,Austria,Europe,46,November - April,1,1,1,1,0,0,0,0,0,0,1,1,1,2220,1066,10,50,10,70,6,750,9,6,2,17,26458,Yes,1,Yes,1,Yes,1,No,0
256,Valfrejus,45.162254,6.657267525,France,Europe,29,December - April,1,1,1,1,0,0,0,0,0,0,0,1,1,2737,1550,40,20,10,70,0,80,5,4,1,10,15800,Yes,1,Yes,1,No,0,No,0
257,Savognin,46.596957,9.5981493,Switzerland,Europe,50,December - April,1,1,1,1,0,0,0,0,0,0,0,1,1,2713,1200,32,38,0,70,11,100,10,2,1,13,14000,Yes,1,Yes,1,Yes,1,No,0
258,Scuol-Motta Naluns,46.811169,10.2726212,Switzerland,Europe,50,December - April,1,1,1,1,0,0,0,0,0,0,0,1,1,2785,1250,27,32,11,70,10,136,6,6,1,13,18000,Yes,1,Yes,1,No,0,No,0
259,Okemo,43.41769055,-72.69828454,United States,North America,86,November - April,1,1,1,1,0,0,0,0,0,0,1,1,1,1019,348,22,26,22,70,0,0,7,13,0,20,29050,Yes,1,Yes,1,Yes,1,No,0
260,Mont-Sainte-Anne-Beaupre,47.0877219,-70.92606776,Canada,North America,52,November - April,1,1,1,1,0,0,0,0,0,0,1,1,1,800,175,15,33,21,69,4,0,4,4,1,9,13200,Yes,1,Yes,1,Yes,1,No,0
261,49 Degrees North Mountain Resort,48.300619,-117.562991,United States,North America,50,November - April,1,1,1,1,0,0,0,0,0,0,1,1,1,1760,1195,20,27,21,68,0,0,1,6,0,7,8250,Yes,1,No,0,No,0,No,0
262,Passo San Pellegrino-Falcade,46.36726075,11.80236956,Italy,Europe,47,November - April,1,1,1,1,0,0,0,0,0,0,1,1,1,2513,1190,20,38,8,66,0,0,6,9,2,17,24030,Yes,1,Yes,1,No,0,No,0
263,Bear Valley,37.5688237,-120.1193489,United States,North America,67,December - April,1,1,1,1,0,0,0,0,0,0,0,1,1,2590,2011,17,27,23,67,0,0,2,8,0,10,11800,Yes,1,No,0,No,0,No,0
264,Apex Resort,49.3900432,-119.9047389,Canada,North America,52,December - April,1,1,1,1,0,0,0,0,0,0,0,1,1,2180,1575,8,33,26,67,5,8,2,2,0,4,4720,Yes,1,Yes,1,Yes,1,No,0
265,Brighton,39.983721,-104.8110775,United States,North America,67,November - April,1,1,1,1,0,0,0,0,0,0,1,1,1,3200,2668,10,18,38,66,0,0,1,6,0,7,13200,Yes,1,Yes,1,Yes,1,No,0
266,Piau Engaly,42.78020745,0.158613507,France,Europe,37,November - April,1,1,1,1,0,0,0,0,0,0,1,1,1,2560,1420,35,22,8,65,0,40,5,5,0,10,13615,Yes,1,Yes,1,No,0,No,0
267,Flumserberg,47.0828502,9.276589934,Switzerland,Europe,51,November - April,1,1,1,1,0,0,0,0,0,0,1,1,1,665,425,10,38,17,65,6,0,9,8,4,21,30867,Yes,1,Yes,1,Yes,1,No,0
268,Super Sauze,44.3578176,6.6855952,France,Europe,30,December - April,1,1,1,1,0,0,0,0,0,0,0,1,1,2450,1400,35,20,10,65,0,100,18,4,0,22,17948,Yes,1,Yes,1,No,0,No,0
269,Bukovel,48.353783,24.41283,Ukraine,Europe,32,November - May,1,1,1,1,1,0,0,0,0,0,1,1,1,1372,890,26,28,11,65,2,0,3,15,0,18,33839,Yes,1,Yes,1,Yes,1,No,0
270,La Norma,45.1772565,6.7195145,France,Europe,29,December - April,1,1,1,1,0,0,0,0,0,0,0,1,1,2750,1350,17,43,5,65,0,126,7,5,1,13,13290,Yes,1,Yes,1,No,0,No,0
271,Mt. Hood Skibowl,45.3018189,-121.7737856,United States,North America,45,November - April,1,1,1,1,0,0,0,0,0,0,1,1,1,1510,1120,15,15,35,65,3,0,5,4,0,9,6500,Yes,1,Yes,1,Yes,1,No,0
272,Kirkwood,38.5800713,-90.4069177,United States,North America,85,November - April,1,1,1,1,0,0,0,0,0,0,1,1,1,2987,2377,15,30,20,65,0,0,4,11,0,15,21420,Yes,1,Yes,1,No,0,No,0
273,Red Lodge Mountain,45.1907531,-109.3368732,United States,North America,45,November - April,1,1,1,1,0,0,0,0,0,0,1,1,1,2870,2138,11,30,24,65,0,0,1,6,0,7,10200,Yes,1,No,0,No,0,No,0
274,Solitude,40.6202462,-111.5919046,United States,North America,71,November - April,1,1,1,1,0,0,0,0,0,0,1,1,1,3000,2434,20,30,14,64,0,0,0,8,0,8,16400,Yes,1,No,0,No,0,No,0
275,Pal-Arinsal-La Massana-Vallnord-,42.55464075,1.448789398,Andorra,Europe,37,December - April,1,1,1,1,0,0,0,0,0,0,0,1,1,1550,1230,31,24,8,63,7,296,15,12,4,31,37400,Yes,1,Yes,1,No,0,No,0
276,Arabba,46.4971763,11.8740902,Italy,Europe,49,December - April,1,1,1,1,0,0,0,0,0,0,0,1,1,2478,1602,32,22,8,62,4,620,3,16,4,23,43973,Yes,1,Yes,1,No,0,No,0
277,Wildkogel-Neukirchen-Bramberg,47.2743375,12.29774135,Austria,Europe,44,December - April,1,1,1,1,0,0,0,0,0,0,0,1,1,2150,820,28,25,9,62,14,335,15,4,5,24,27388,Yes,1,Yes,1,Yes,1,No,0
278,Alyeska Resort-Girdwood,60.96188655,-149.0808696,United States,North America,68,November - April,1,1,1,1,0,0,0,0,0,0,1,1,1,840,70,14,31,17,62,4,0,2,6,1,9,11200,Yes,1,No,0,Yes,1,No,0
279,Hintertux Glacier,47.061277,11.665036,Austria,Europe,52,Year-round,1,1,1,1,1,1,1,1,1,1,1,1,0,3250,1500,14,35,11,60,7,260,10,6,6,22,38852,Yes,1,Yes,1,No,0,Yes,1
280,Disentis 3000,46.7041748,8.8549785,Switzerland,Europe,49,December - April,1,1,1,1,0,0,0,0,0,0,0,1,1,2833,1227,20,30,10,60,10,4,9,3,1,13,10990,Yes,1,Yes,1,No,0,No,0
281,Belalp-Blatten,46.3648823,7.9796899,Switzerland,Europe,49,December - April,1,1,1,1,0,0,0,0,0,0,0,1,1,3118,1322,20,20,20,60,0,0,8,3,2,13,13640,Yes,1,Yes,1,No,0,No,0
282,San Martino di Castrozza,46.2623377,11.802828,Italy,Europe,44,November - April,1,1,1,1,0,0,0,0,0,0,1,1,1,2357,1404,16,32,12,60,3,150,7,14,3,24,29859,Yes,1,Yes,1,Yes,1,No,0
283,Meiringen-Hasliberg,46.7468975,8.219472173,Switzerland,Europe,50,December - April,1,1,1,1,0,0,0,0,0,0,0,1,1,1055,600,20,34,6,60,8,75,6,4,5,15,16381,Yes,1,No,0,Yes,1,No,0
284,Toggenburg-Wildhaus-Unterwasser-Alt St. Johann,47.180949,9.32019222,Switzerland,Europe,52,December - April,1,1,1,1,0,0,0,0,0,0,0,1,1,2262,900,10,45,5,60,7,55,18,3,4,25,19956,Yes,1,Yes,1,Yes,1,No,0
285,Alpe di Siusi-Seiser Alm-,46.5639036,11.60457618,Italy,Europe,54,December - April,1,1,1,1,0,0,0,0,0,0,0,1,1,1669,1000,14,45,1,60,2,70,9,15,3,27,35624,Yes,1,Yes,1,No,0,No,0
286,Le Lioran,45.0912003,2.7503788,France,Europe,31,December - April,1,1,1,1,0,0,0,0,0,0,0,1,1,1850,1160,30,20,10,60,0,241,13,8,1,22,25195,Yes,1,Yes,1,Yes,1,No,0
287,Saint Luc-Chandolin-Anniviers-,46.236536,7.627631245,Switzerland,Europe,47,December - April,1,1,1,1,0,0,0,0,0,0,0,1,1,3025,1655,20,30,10,60,0,104,11,3,1,15,10350,Yes,1,Yes,1,No,0,No,0
288,Les Karellis,45.2285712,6.4064649,France,Europe,27,December - April,1,1,1,1,0,0,0,0,0,0,0,1,1,2520,1600,26,25,9,60,0,98,10,6,0,16,17452,Yes,1,Yes,1,No,0,No,0
289,Peyragudes,42.7807436,0.45611311,France,Europe,40,December - April,1,1,1,1,0,0,0,0,0,0,0,1,1,2400,1600,30,26,4,60,0,230,8,9,0,17,22791,Yes,1,Yes,1,No,0,No,0
290,Leysin,46.3438701,7.0148403,Switzerland,Europe,45,December - April,1,1,1,1,0,0,0,0,0,0,0,1,1,2205,1250,43,15,2,60,0,72,8,7,1,16,12980,Yes,1,Yes,1,No,0,No,0
291,Gudauri,42.4765577,44.4770286,Georgia,Asia,14,December - April,1,1,1,1,0,0,0,0,0,0,0,1,1,3279,1990,22,28,10,60,0,29,7,6,1,14,15400,Yes,1,Yes,1,Yes,1,No,0
292,Mount Snow,42.9589685,-72.9237112,United States,North America,81,November - April,1,1,1,1,0,0,0,0,0,0,1,1,1,1095,585,6,46,8,60,0,254,6,14,0,20,27000,Yes,1,Yes,1,No,0,No,0
293,Mount Washington,49.7528282,-125.2963912,Canada,North America,64,December - April,1,1,1,1,0,0,0,0,0,0,0,1,1,1588,1083,12,21,27,60,3,0,5,5,0,10,11620,Yes,1,Yes,1,Yes,1,No,0
294,Ponte di Legno-Passo Tonale-Presena Glacier-Temu-Pontedilegno-Tonale-,46.258603,10.508662,Italy,Europe,42,October - May,1,1,1,1,1,0,0,0,0,1,1,1,1,3016,1121,10,40,9,59,11,0,7,19,4,30,49825,Yes,1,Yes,1,Yes,1,No,0
295,Gore Mountain,40.2235948,-106.6575409,United States,North America,71,November - April,1,1,1,1,0,0,0,0,0,0,1,1,1,1097,304,6,28,23,57,4,0,5,9,1,15,21000,Yes,1,Yes,1,No,0,No,0
296,Eggli-La Videmanette-Gstaad-Saanen-Rougemont,47.291778,9.1733641,Switzerland,Europe,54,December - March,1,1,1,0,0,0,0,0,0,0,0,1,1,2151,992,35,17,5,57,0,0,8,4,5,17,15363,Yes,1,No,0,No,0,No,0
297,Anzere,46.2970711,7.3989488,Switzerland,Europe,46,December - April,1,1,1,1,0,0,0,0,0,0,0,1,1,2420,1500,12,37,9,58,0,120,10,3,1,14,12462,Yes,1,Yes,1,No,0,No,0
298,Borovets,42.2668301,23.6074324,Bulgaria,Europe,28,December - April,1,1,1,1,0,0,0,0,0,0,0,1,1,2560,1300,24,29,5,58,12,160,8,4,2,14,15800,Yes,1,Yes,1,Yes,1,No,0
299,Font-Romeu-Bolquere Pyrenees 2000,42.5043981,2.0715162,France,Europe,38,December - April,1,1,1,1,0,0,0,0,0,0,0,1,1,2213,1650,30,19,9,58,0,535,15,8,1,24,27378,Yes,1,Yes,1,No,0,No,0
300,Oppdal,62.53517845,9.62330412,Norway,Europe,44,Unknown,2,0,0,0,0,0,0,0,0,0,0,0,0,1300,585,40,7,9,56,0,0,1,0,0,1,0,Yes,1,No,0,No,0,No,0
301,Brevent-Flegere-Chamonix-,45.9479384,6.868594877,France,Europe,51,December - April,1,1,1,1,0,0,0,0,0,0,0,1,1,2525,1030,11,25,20,56,6,0,6,8,5,19,26734,Yes,1,Yes,1,No,0,No,0
302,Bretton Woods,44.2576311,-71.4413006,United States,North America,76,November - April,1,1,1,1,0,0,0,0,0,0,1,1,1,945,487,25,16,15,56,0,0,3,7,0,10,15406,Yes,1,Yes,1,Yes,1,No,0
303,Les Houches-Saint-Gervais-Prarion-Bellevue-Chamonix-,45.891508,6.799138,France,Europe,43,December - April,1,1,1,1,0,0,0,0,0,0,0,1,1,1000,584,25,25,5,55,4,133,5,8,3,16,19859,Yes,1,Yes,1,No,0,No,0
304,Yllas,67.5647092,24.2246252,Finland,Europe,42,November - May,1,1,1,1,1,0,0,0,0,0,1,1,1,718,200,21,28,6,55,3,36,27,1,1,29,28284,Yes,1,Yes,1,Yes,1,No,0
305,Belvedere-Col Rodella-Ciampac-Buffaure-Canazei-Campitello-Alba-Pozza di Fassa,45.6850704,11.7729604,Italy,Europe,48,December - April,1,1,1,1,0,0,0,0,0,0,0,1,1,2428,1320,7,40,7,54,6,0,11,18,10,39,56216,Yes,1,Yes,1,Yes,1,No,0
306,Revelstoke Mountain Resort,50.9692628,-118.1092086,Canada,North America,64,December - April,1,1,1,1,0,0,0,0,0,0,0,1,1,2225,512,16,18,21,55,15,0,2,2,7,11,9200,Yes,1,Yes,1,No,0,No,0
307,Lauchernalp-Lotschental,46.41274665,7.774925326,Switzerland,Europe,48,April,0,0,0,1,0,0,0,0,0,0,0,0,1,3111,1419,20,17,18,55,10,28,2,2,2,6,6800,Yes,1,Yes,1,No,0,No,0
308,Grossglockner Heiligenblut,47.0745464,12.6938826,Austria,Europe,44,December - April,1,1,1,1,0,0,0,0,0,0,0,1,1,2989,1301,20,34,1,55,7,60,8,1,4,13,12500,Yes,1,No,0,No,0,No,0
309,Brandnertal-Brand-Burserberg,47.119176,9.7578764,Austria,Europe,46,December - April,1,1,1,1,0,0,0,0,0,0,0,1,1,2000,904,22,30,3,55,5,82,6,6,3,15,18963,Yes,1,Yes,1,Yes,1,No,0
310,Alpe du Grand-Serre-La Morte,45.0274177,5.8581966,France,Europe,27,December - March,1,1,1,0,0,0,0,0,0,0,0,1,1,2184,1367,36,17,2,55,0,0,12,3,0,15,13486,Yes,1,Yes,1,No,0,No,0
311,Les Angles,43.0835762,0.0062129,France,Europe,38,November - April,1,1,1,1,0,0,0,0,0,0,1,1,1,2376,1600,22,23,10,55,0,363,15,4,1,20,21787,Yes,1,Yes,1,Yes,1,No,0
312,Kopaonik,43.2689885,20.826741,Serbia,Europe,30,December - April,1,1,1,1,0,0,0,0,0,0,0,1,1,2017,1057,30,19,6,55,0,315,14,13,0,27,35052,Yes,1,Yes,1,Yes,1,No,0
313,Aussois,45.2275415,6.7413988,France,Europe,29,December - April,1,1,1,1,0,0,0,0,0,0,0,1,1,2750,1500,30,22,3,55,0,130,4,4,0,8,9228,Yes,1,Yes,1,No,0,No,0
314,Apache,35.214632,-109.4786676,United States,North America,48,Unknown,2,0,0,0,0,0,0,0,0,0,0,0,0,3475,2926,12,18,25,55,0,0,2,8,1,11,15800,Yes,1,No,0,No,0,No,0
315,Erciyes-Kayseri,38.5327397,35.4502248,Turkey,Asia,17,December - April,1,1,1,1,0,0,0,0,0,0,0,1,1,3360,2100,18,29,7,54,0,82,4,11,2,17,23800,Yes,1,No,0,No,0,No,0
316,Hunter Mountain,42.1778662,-74.2304216,United States,North America,68,Unknown,2,0,0,0,0,0,0,0,0,0,0,0,0,975,487,18,18,19,55,0,0,4,9,0,13,15910,Yes,1,No,0,No,0,No,0
317,First-Grindelwald,46.6504815,8.065073279,Switzerland,Europe,55,December - March,1,1,1,0,0,0,0,0,0,0,0,1,1,2501,1050,30,15,8,53,6,38,3,3,3,9,12720,Yes,1,Yes,1,No,0,No,0
318,Sorenberg-Rothorn-Dorf,46.8221657,8.0349311,Switzerland,Europe,44,December - April,1,1,1,1,0,0,0,0,0,0,0,1,1,2350,1110,30,15,8,53,0,0,12,3,2,17,20930,Yes,1,Yes,1,Yes,1,No,0
319,Riserva Bianca-Limone Piemonte,44.1853305,7.581660887,Italy,Europe,34,December - April,1,1,1,1,0,0,0,0,0,0,0,1,1,2060,1046,11,35,5,51,0,0,5,11,1,17,20655,Yes,1,No,0,No,0,No,0
320,Eldora Mountain,37.3862661,-122.0726046,United States,North America,80,November - April,1,1,1,1,0,0,0,0,0,0,1,1,1,3292,2804,11,26,15,52,0,0,3,8,0,11,13020,Yes,1,Yes,1,Yes,1,No,0
321,Donner Ski Ranch,39.3188801,-120.331067,United States,North America,59,December - April,1,1,1,1,0,0,0,0,0,0,0,1,1,2371,2142,13,26,13,52,2,0,0,6,0,6,6500,Yes,1,No,0,No,0,No,0
322,Las Lenas,-35.1455071,-70.0820619,Argentina,South America,44,June - September,0,0,0,0,0,1,1,1,1,0,0,0,1,3430,2200,5,12,35,52,0,0,7,7,0,14,13340,Yes,1,Yes,1,Yes,1,Yes,1
323,Happo-One-Hakuba,36.7035607,137.8226173,Japan,Asia,40,December - May,1,1,1,1,1,0,0,0,0,0,0,1,1,1831,760,16,26,10,52,0,0,0,21,1,22,29100,Yes,1,Yes,1,Yes,1,No,0
324,Gitschberg Jochtal,46.82666885,11.6645207,Italy,Europe,46,December - April,1,1,1,1,0,0,0,0,0,0,0,1,1,1354,772,17,25,9,51,6,90,14,4,6,24,23617,Yes,1,Yes,1,No,0,No,0
325,Schilthorn-Murren-Lauterbrunnen,46.55744425,7.892432481,Switzerland,Europe,55,December - April,1,1,1,1,0,0,0,0,0,0,0,1,1,2970,796,19,23,9,51,15,38,3,7,6,16,13852,Yes,1,Yes,1,No,0,No,0
326,Dachstein West,47.5149184,13.4498696,Austria,Europe,42,December - April,1,1,1,1,0,0,0,0,0,0,0,1,1,1620,780,15,33,3,51,4,163,25,8,3,36,32938,Yes,1,Yes,1,Yes,1,No,0
327,Cypress Mountain,49.3976802,-123.2011443,Canada,North America,44,November - April,1,1,1,1,0,0,0,0,0,0,1,1,1,1440,824,6,22,22,50,4,42,1,6,0,7,10300,Yes,1,Yes,1,Yes,1,No,0
328,Pila,45.7699441,8.0810802,Italy,Europe,42,November - April,1,1,1,1,0,0,0,0,0,0,1,1,1,1540,570,8,35,6,49,0,480,5,8,4,17,22154,Yes,1,Yes,1,No,0,No,0
329,Brigels-Waltensburg-Andiast,46.7700497,9.067384,Switzerland,Europe,49,December - March,1,1,1,0,0,0,0,0,0,0,0,1,1,2418,1110,13,33,3,49,7,100,9,4,0,13,10030,Yes,1,Yes,1,Yes,1,No,0
330,Aprica,46.152697,10.151656,Italy,Europe,38,November - May,1,1,1,1,1,0,0,0,0,0,1,1,1,2270,1162,28,14,7,49,0,0,10,4,2,16,13965,Yes,1,Yes,1,No,0,No,0
331,Bormio-Cima Bianca,46.4397574,10.3924531,Italy,Europe,40,November - April,1,1,1,1,0,0,0,0,0,0,1,1,1,3012,1225,14,34,2,50,8,240,8,5,2,15,17630,Yes,1,Yes,1,Yes,1,No,0
332,Sedrun-Oberalp,46.6652022,8.704905479,Switzerland,Europe,53,November - April,1,1,1,1,0,0,0,0,0,0,1,1,1,2300,1500,10,35,5,50,3,0,7,5,0,12,12100,Yes,1,Yes,1,No,0,No,0
333,Grosseck-Speiereck-Mauterndorf-St. Michael,47.1217604,13.64406919,Austria,Europe,41,December - April,1,1,1,1,0,0,0,0,0,0,0,1,1,2400,1095,26,17,7,50,8,150,6,4,2,12,14286,Yes,1,No,0,Yes,1,No,0
334,Hirmentaz-Les Haberes-Bellevaux-Habere-Poche,46.2511455,6.517806672,France,Europe,24,December - March,1,1,1,0,0,0,0,0,0,0,0,1,1,1610,923,30,17,3,50,0,0,27,6,0,33,29480,Yes,1,Yes,1,No,0,No,0
335,Pragelato,45.0162171,6.9424531,Italy,Europe,0,December - April,1,1,1,1,0,0,0,0,0,0,0,1,1,2700,1335,14,32,4,50,0,0,4,1,0,5,3660,Yes,1,No,0,No,0,No,0
336,Porte Puymorens,42.5488878,1.833462,France,Europe,30,September - April,1,1,1,1,0,0,0,0,1,1,1,1,1,2471,1600,21,20,9,50,0,70,5,4,0,9,7380,Yes,1,Yes,1,No,0,No,0
337,Mythenregion,47.0217081,8.723539208,Switzerland,Europe,39,December - March,1,1,1,0,0,0,0,0,0,0,0,1,1,1070,573,18,31,1,50,0,55,11,0,4,15,12592,Yes,1,Yes,1,No,0,No,0
338,Candanchu,42.78888865,-0.52873445,Spain,Europe,41,December - April,1,1,1,1,0,0,0,0,0,0,0,1,1,2236,1514,15,18,15,48,0,0,19,6,0,25,19650,Yes,1,No,0,No,0,No,0
339,Zugspitze,47.421215,10.986297,Germany,Europe,45,May,0,0,0,0,1,0,0,0,0,0,0,0,1,2000,700,7,13,0,20,2,0,4,2,4,10,13150,Yes,1,No,0,No,0,No,0
340,Zao Onsen,38.1679266,140.4003442,Japan,Asia,39,December - May,1,1,1,1,1,0,0,0,0,0,0,1,1,1661,780,20,20,10,50,0,0,0,38,4,42,50000,Yes,1,Yes,1,No,0,No,0
341,Lindvallen-Hogfjallet-Salen-,61.159705,13.193609,Sweden,Europe,41,November - May,1,1,1,1,1,0,0,0,0,0,1,1,1,887,579,22,17,3,42,5,0,49,4,0,53,50505,Yes,1,Yes,1,Yes,1,No,0
342,Jasna Nizke Tatry-Chopok,48.966941,19.58101661,Slovakia,Europe,39,December - May,1,1,1,1,1,0,0,0,0,0,0,1,1,2004,943,19,17,7,43,6,527,19,8,5,32,35225,Yes,1,Yes,1,Yes,1,No,0
343,Mitsumata-Kagura-Tashiro-Mt. Naeba-,36.3937327,139.0890263,Japan,Asia,44,November - May,1,1,1,1,1,0,0,0,0,0,1,1,1,1845,620,7,8,8,23,0,0,0,19,4,23,31400,Yes,1,Yes,1,No,0,No,0
344,Tandadalen-Hundfjallet-Salen-,61.1792462,12.9919443,Sweden,Europe,41,November - May,1,1,1,1,1,0,0,0,0,0,1,1,1,872,572,18,15,12,45,3,0,42,4,0,46,42636,Yes,1,Yes,1,Yes,1,No,0
345,Appi Kogen,40.0123954,140.9976755,Japan,Asia,43,Unknown,2,0,0,0,0,0,0,0,0,0,0,0,0,1328,500,13,18,13,44,0,0,2,14,2,18,23800,Yes,1,No,0,No,0,No,0
346,Gazprom Mountain Resort-Laura-– Esto-Sadok-Sotschi-,43.684855,40.281935,Russia,Europe,32,December - April,1,1,1,1,0,0,0,0,0,0,0,1,1,949,547,7,10,2,19,3,0,6,6,6,18,27874,Yes,1,No,0,Yes,1,No,0
347,Rusutsu,42.7374243,140.8754821,Japan,Asia,45,November - April,1,1,1,1,0,0,0,0,0,0,1,1,1,994,400,12,16,12,40,0,0,3,14,4,21,31128,Yes,1,Yes,1,Yes,1,No,0
348,Steinplatte-Winklmoosalm-Waidring-Reit im Winkl,48.7329198,15.5705666,Austria,Europe,46,November - April,1,1,1,1,0,0,0,0,0,0,1,1,1,1860,740,18,22,2,42,12,107,3,9,2,14,31940,Yes,1,Yes,1,No,0,No,0
349,Uludag-Bursa,40.0705295,29.2220098,Turkey,Asia,0,Unknown,2,0,0,0,0,0,0,0,0,0,0,0,0,1767,395,10,15,3,28,0,0,8,6,2,16,19637,Yes,1,Yes,1,No,0,No,0
350,Rigi,47.0567184,8.4853157,Switzerland,Europe,44,Unknown,2,0,0,0,0,0,0,0,0,0,0,0,0,1315,439,4,4,0,8,0,0,4,0,3,7,6500,Yes,1,No,0,No,0,No,0
351,Metabief,46.7734907,6.3505765,France,Europe,26,Unknown,2,0,0,0,0,0,0,0,0,0,0,0,0,1420,1000,19,18,2,39,0,0,20,8,0,28,24745,Yes,1,No,0,No,0,No,0
352,Vitosha-Sofia,42.6167377,23.27422928,Bulgaria,Europe,18,December - April,1,1,1,1,0,0,0,0,0,0,0,1,1,2290,726,12,6,2,20,5,0,8,5,2,15,12450,Yes,1,No,0,Yes,1,No,0
353,Latemar-Obereggen-Pampeago-Predazzo,46.3563067,11.53719305,Italy,Europe,47,November - April,1,1,1,1,0,0,0,0,0,0,1,1,1,1540,1050,9,32,7,48,3,200,6,13,3,22,36540,Yes,1,Yes,1,Yes,1,No,0
354,Szczyrk-Skrzyczne,49.7071204,19.0117088,Poland,Europe,20,December - April,1,1,1,1,0,0,0,0,0,0,0,1,1,1257,524,22,7,4,33,0,0,11,4,1,16,22500,Yes,1,No,0,No,0,No,0
355,Mariborsko Pohorje-Maribor,46.5153389,15.5782311,Slovenia,Europe,31,December - March,1,1,1,0,0,0,0,0,0,0,0,1,1,1327,325,23,13,5,41,0,92,16,5,1,22,23436,Yes,1,No,0,Yes,1,No,0
356,El Colorado-Farellones,-33.3398691,-70.2915752,Chile,South America,64,June - October,0,0,0,0,0,1,1,1,1,1,0,0,1,3333,2380,25,10,15,50,5,0,21,4,0,25,21500,Yes,1,Yes,1,No,0,Yes,1
357,Praz de Lys-Sommand-Taninges-Mieussy-,46.15746735,6.569485327,France,Europe,29,December - April,1,1,1,1,0,0,0,0,0,0,0,1,1,1966,1240,22,16,6,44,0,60,18,6,0,24,26205,Yes,1,Yes,1,No,0,No,0
358,Jahorina,43.7233441,18.59622766,Bosnia and Herzegovina,Europe,20,Unknown,2,0,0,0,0,0,0,0,0,0,0,0,0,1889,920,3,19,3,25,0,0,5,5,1,11,16230,Yes,1,No,0,Yes,1,No,0
359,Espace Dole-La Dole-Les Tuffes,47.0944134,5.492668685,France,Europe,27,December - March,1,1,1,0,0,0,0,0,0,0,0,1,1,1678,1137,17,8,2,27,0,0,18,3,0,21,19380,Yes,1,Yes,1,No,0,No,0
360,Myoko Akakura,36.89304245,138.1795517,Japan,Asia,39,Unknown,2,0,0,0,0,0,0,0,0,0,0,0,0,1491,687,9,8,2,19,0,0,2,20,1,23,37400,Yes,1,Yes,1,Yes,1,No,0
361,Naeba-Mt. Naeba-,36.8459419,138.690323,Japan,Asia,44,December - April,1,1,1,1,0,0,0,0,0,0,0,1,1,1789,900,6,8,6,20,4,0,0,12,3,15,25400,Yes,1,Yes,1,Yes,1,No,0
362,Nozawa Onsen,36.91722415,138.4640226,Japan,Asia,37,November - April,1,1,1,1,0,0,0,0,0,0,1,1,1,1650,565,22,13,9,44,0,0,1,15,3,19,29772,Yes,1,Yes,1,Yes,1,No,0
363,Kreischberg,47.0634486,14.03933,Austria,Europe,44,December - April,1,1,1,1,0,0,0,0,0,0,0,1,1,2118,868,17,16,9,42,7,110,7,4,3,14,18808,Yes,1,Yes,1,No,0,No,0
364,Garmisch-Classic-Garmisch-Partenkirchen,47.4596073,11.07616628,Germany,Europe,43,December - April,1,1,1,1,0,0,0,0,0,0,0,1,1,2050,732,12,18,10,40,8,0,11,4,4,19,21090,Yes,1,Yes,1,No,0,No,0
365,Carezza Ski,46.42089735,11.58845807,Italy,Europe,41,December - April,1,1,1,1,0,0,0,0,0,0,0,1,1,2337,1200,21,14,3,38,7,175,13,5,2,20,19200,Yes,1,Yes,1,No,0,No,0
366,Pizol-Bad Ragaz-Wangs,46.979739,9.436717,Switzerland,Europe,51,December - April,1,1,1,1,0,0,0,0,0,0,0,1,1,510,490,14,21,8,43,9,62,5,4,2,11,12786,Yes,1,Yes,1,Yes,1,No,0
367,SuperBesse-Puy de Sancy,45.506646,2.8594,France,Europe,32,December - April,1,1,1,1,0,0,0,0,0,0,0,1,1,1850,1300,30,9,4,43,0,299,16,5,1,22,21245,Yes,1,Yes,1,Yes,1,No,0
368,Stoten,61.2660478,12.8904555,Sweden,Europe,41,Unknown,2,0,0,0,0,0,0,0,0,0,0,0,0,830,443,26,3,3,32,0,0,17,2,0,19,19250,Yes,1,No,0,No,0,No,0
369,Palandoken-Ejder 3200 World Ski Center-,39.5430157,42.9152472,Turkey,Asia,0,November - April,1,1,1,1,0,0,0,0,0,0,1,1,1,3176,2200,19,11,13,43,0,0,3,11,2,16,15390,Yes,1,Yes,1,Yes,1,No,0
370,Fellhorn-Kanzelwand-Oberstdorf-Riezlern,47.6099906,12.5088699,Austria,Europe,45,December - April,1,1,1,1,0,0,0,0,0,0,0,1,1,1967,920,13,19,2,34,4,110,7,6,4,17,22076,Yes,1,Yes,1,Yes,1,No,0
371,Idre Fjall,61.8896064,12.8330743,Sweden,Europe,40,October - April,1,1,1,1,0,0,0,0,0,1,1,1,1,890,588,17,22,2,41,3,0,21,4,0,25,24760,Yes,1,Yes,1,Yes,1,No,0
372,Großglockner Resort Kals-Matrei,47.009935,12.6232,Austria,Europe,47,December - April,1,1,1,1,0,0,0,0,0,0,0,1,1,2422,933,8,22,6,36,7,0,9,5,3,17,18276,Yes,1,Yes,1,No,0,No,0
373,Pamporovo,41.64619295,24.67356329,Bulgaria,Europe,28,December - April,1,1,1,1,0,0,0,0,0,0,0,1,1,1926,1620,17,6,5,28,0,130,6,7,0,13,14266,Yes,1,Yes,1,Yes,1,No,0
374,Abetone-Val di Luce,44.1314375,10.6306384,Italy,Europe,30,December - April,1,1,1,1,0,0,0,0,0,0,0,1,1,1892,1240,14,28,1,43,0,110,6,10,1,17,24056,Yes,1,Yes,1,No,0,No,0
375,Gerlitzen,46.69476,13.9143318,Austria,Europe,45,December - April,1,1,1,1,0,0,0,0,0,0,0,1,1,1000,520,10,27,3,40,7,120,10,7,1,18,22220,Yes,1,Yes,1,No,0,No,0
376,Paganella-Andalo,46.1572963,11.00551108,Italy,Europe,40,November - April,1,1,1,1,0,0,0,0,0,0,1,1,1,2125,1030,9,22,1,32,6,0,4,12,2,18,23996,Yes,1,Yes,1,Yes,1,No,0
377,Melchsee-Frutt-Kerns-,46.77452445,8.271634234,Switzerland,Europe,44,December - April,1,1,1,1,0,0,0,0,0,0,0,1,1,2255,1080,20,6,10,36,0,110,5,4,2,11,14150,Yes,1,Yes,1,Yes,1,No,0
378,Vall de Nuria,42.3944498,2.1549868,Spain,Europe,30,Unknown,2,0,0,0,0,0,0,0,0,0,0,0,0,1964,912,4,2,1,7,0,0,3,1,2,6,4840,Yes,1,No,0,No,0,No,0
379,Areches-Beaufort-,45.66298915,6.566319098,France,Europe,29,December - April,1,1,1,1,0,0,0,0,0,0,0,1,1,2300,1050,15,20,15,50,0,45,9,5,0,14,14462,Yes,1,Yes,1,No,0,No,0
380,Spindleruv Mlyn,50.7256448,15.6067567,Czech Republic,Europe,34,December - April,1,1,1,1,0,0,0,0,0,0,0,1,1,1235,702,8,13,2,23,0,0,17,6,0,23,21638,Yes,1,Yes,1,Yes,1,No,0
381,Les Mosses-La Lecherette,46.3960939,7.1018391,Switzerland,Europe,31,December - April,1,1,1,1,0,0,0,0,0,0,0,1,1,1870,1445,10,30,0,40,0,0,14,0,0,14,10540,Yes,1,No,0,No,0,No,0
382,Dizin,36.0508147,51.4155456,Iran,Asia,31,November - May,1,1,1,1,1,0,0,0,0,0,1,1,1,3506,2530,5,9,4,18,4,0,9,4,5,18,18760,Yes,1,Yes,1,No,0,No,0
383,Gala Yuzawa-Ishiuchi Maruyama,36.9502508,138.7995543,Japan,Asia,35,December - May,1,1,1,1,1,0,0,0,0,0,0,1,1,1181,256,10,9,6,25,6,0,1,24,2,27,39400,Yes,1,Yes,1,Yes,1,No,0
384,YongPyong Resort,37.645906,128.681814,South Korea,Asia,57,November - April,1,1,1,1,0,0,0,0,0,0,1,1,1,1438,700,2,11,10,23,0,0,1,14,1,16,27400,Yes,1,No,0,Yes,1,No,0
385,Cimone-Montecreto-Sestola-Le Polle,45.97985,11.0630167,Italy,Europe,35,November - April,1,1,1,1,0,0,0,0,0,0,1,1,1,1976,900,15,25,10,50,0,0,6,13,1,20,23746,Yes,1,Yes,1,No,0,No,0
386,Luchon Superbagneres,42.768303,0.5780217,France,Europe,34,December - April,1,1,1,1,0,0,0,0,0,0,0,1,1,1440,635,16,10,6,32,0,180,7,5,1,13,15965,Yes,1,Yes,1,No,0,No,0
387,High1 Resort,37.207294,128.824816,South Korea,Asia,0,December - April,1,1,1,1,0,0,0,0,0,0,0,1,1,1367,690,4,7,9,20,0,0,1,6,4,11,26685,Yes,1,No,0,No,0,No,0
388,La Parva,-33.3355943,-70.2899972,Chile,South America,60,June - October,0,0,0,0,0,1,1,1,1,1,0,0,1,3574,2653,12,20,6,38,6,0,9,4,0,13,13740,Yes,1,Yes,1,No,0,Yes,1
389,Lelex-Crozet,46.3026091,5.9407475,France,Europe,28,December - March,1,1,1,0,0,0,0,0,0,0,0,1,1,900,640,16,7,4,27,0,120,15,2,2,19,16750,Yes,1,Yes,1,No,0,No,0
390,Alpika Service,43.667196,40.246821,Russia,Europe,0,December - April,1,1,1,1,0,0,0,0,0,0,0,1,1,2228,535,10,10,5,25,0,0,1,1,7,9,18120,Yes,1,No,0,No,0,No,0
391,Sinaia,45.3456607,25.5479283,Romania,Europe,32,Unknown,2,0,0,0,0,0,0,0,0,0,0,0,0,880,834,3,11,4,18,0,0,2,3,4,9,9864,Yes,1,No,0,No,0,No,0
392,Furano,43.3419744,142.383188,Japan,Asia,42,November - May,1,1,1,1,1,0,0,0,0,0,1,1,1,1202,245,15,13,2,30,0,0,2,8,2,12,12650,Yes,1,Yes,1,Yes,1,No,0
393,Gourette-Eaux Bonnes-,42.9438107,-0.3291295,France,Europe,38,December - April,1,1,1,1,0,0,0,0,0,0,0,1,1,2450,1350,18,13,4,35,0,158,4,5,3,12,19660,Yes,1,Yes,1,No,0,No,0
394,Whiteface-Lake Placid,44.36586225,-73.83531534,United States,North America,79,November - April,1,1,1,1,0,0,0,0,0,0,1,1,1,1340,371,7,15,13,35,3,250,1,9,1,11,14200,Yes,1,Yes,1,No,0,No,0
395,Rauriser Hochalmbahnen-Rauris,47.223392,12.990109,Austria,Europe,43,December - April,1,1,1,1,0,0,0,0,0,0,0,1,1,2175,940,15,12,5,32,10,35,6,1,3,10,11927,Yes,1,Yes,1,No,0,No,0
396,Hoch-Ybrig-Unteriberg-Oberiberg,47.01175015,8.787310015,Switzerland,Europe,46,December - April,1,1,1,1,0,0,0,0,0,0,0,1,1,1850,1035,15,30,5,50,5,0,8,5,1,14,16650,Yes,1,Yes,1,No,0,No,0
397,Meran 2000,46.6655583,11.3071256,Italy,Europe,39,December - March,1,1,1,0,0,0,0,0,0,0,0,1,1,1609,648,12,25,3,40,5,0,3,5,2,10,9478,Yes,1,Yes,1,No,0,No,0
398,Natschen-Andermatt,46.65201925,8.622667027,Switzerland,Europe,44,December - March,1,1,1,0,0,0,0,0,0,0,0,1,1,2344,1444,8,5,8,21,0,0,1,4,2,7,13600,Yes,1,No,0,No,0,No,0
399,Hoshino Resorts Tomamu,43.065765,142.63264,Japan,Asia,42,Unknown,2,0,0,0,0,0,0,0,0,0,0,0,0,1239,520,7,7,6,20,0,0,0,10,1,11,12400,Yes,1,No,0,No,0,No,0
400,Albiez-Montrond,45.2174088,6.340903,France,Europe,25,December - April,1,1,1,1,0,0,0,0,0,0,0,1,1,2200,1500,25,7,3,35,0,0,8,5,0,13,10432,Yes,1,No,0,No,0,No,0
401,Tarvisio-Monte Lussari,46.4817326,13.5208066,Italy,Europe,35,December - April,1,1,1,1,0,0,0,0,0,0,0,1,1,1752,754,9,11,5,25,0,0,5,8,2,15,17354,Yes,1,Yes,1,Yes,1,No,0
402,Mount Parnassos-Fterolakka-Kellaria,38.547732,22.589641,Greece,Europe,30,Unknown,2,0,0,0,0,0,0,0,0,0,0,0,0,2300,1600,18,15,3,36,0,0,9,3,5,17,20052,Yes,1,No,0,No,0,No,0
403,Moelltal Glacier-Molltaler Gletscher-,46.980483,13.050646,Austria,Europe,47,June - May,1,1,1,1,1,1,1,1,1,1,1,1,1,2108,1222,5,7,4,16,3,45,2,5,2,9,15610,Yes,1,Yes,1,No,0,Yes,1
404,Wendelstein-Brannenburg-Osterhofen,49.3559425,11.1441047,Germany,Europe,35,December - March,1,1,1,0,0,0,0,0,0,0,0,1,1,1723,791,0,7,4,11,0,0,2,0,2,4,3250,Yes,1,No,0,No,0,No,0
405,Glenshee,56.7410308,-3.3999352,United Kingdom,Europe,33,December - April,1,1,1,1,0,0,0,0,0,0,0,1,1,900,650,24,10,2,36,0,6,18,3,0,21,16255,Yes,1,No,0,No,0,No,0
406,Sulden am Ortler-Solda all'Ortles-,46.5090706,10.59678748,Italy,Europe,41,November - May,1,1,1,1,1,0,0,0,0,0,1,1,1,3250,1900,17,13,14,44,11,0,4,6,3,13,15418,Yes,1,Yes,1,Yes,1,No,0
407,The Summit at Snoqualmie,47.424462,-121.417071,United States,North America,67,December - April,1,1,1,1,0,0,0,0,0,0,0,1,1,1180,800,5,13,9,27,3,0,6,17,0,23,30400,Yes,1,Yes,1,Yes,1,No,0
408,Poiana Brasov,45.5967098,25.5561895,Romania,Europe,32,December - April,1,1,1,1,0,0,0,0,0,0,0,1,1,1799,1021,5,2,5,12,0,145,5,2,3,10,11038,Yes,1,No,0,Yes,1,No,0
409,Hinterstoder-Hoss,47.66612225,14.17403784,Austria,Europe,44,December - April,1,1,1,1,0,0,0,0,0,0,0,1,1,2000,600,12,18,10,40,7,267,15,2,2,19,18464,Yes,1,Yes,1,No,0,No,0
410,St. Jean Montclar,44.411775,6.3510526,France,Europe,28,December - April,1,1,1,1,0,0,0,0,0,0,0,1,1,2500,1350,25,20,5,50,0,0,10,4,0,14,13320,Yes,1,No,0,No,0,No,0
411,Port del Comte,42.1694417,1.5696298,Spain,Europe,33,Unknown,2,0,0,0,0,0,0,0,0,0,0,0,0,2310,1745,20,15,5,40,0,0,11,5,0,16,13750,Yes,1,No,0,No,0,No,0
412,Tanndalen,62.5423638,12.3360263,Sweden,Europe,41,Unknown,2,0,0,0,0,0,0,0,0,0,0,0,0,1038,743,20,15,3,38,0,0,15,2,0,17,19270,Yes,1,No,0,No,0,No,0
413,Feldberg-Seebuck-Grafenmatt-Fahl,47.86345025,8.070282232,Germany,Europe,35,December - April,1,1,1,1,0,0,0,0,0,0,0,1,1,1448,888,7,14,5,26,3,0,9,5,0,14,17624,Yes,1,Yes,1,No,0,No,0
414,Pitztal Glacier-Pitztaler Gletscher-,46.926915,10.87096,Austria,Europe,48,September - May,1,1,1,1,1,0,0,0,1,1,1,1,1,2685,1740,3,16,0,19,4,0,3,1,3,7,10935,Yes,1,Yes,1,No,0,No,0
415,Kiroro,34.7525668,135.4329789,Japan,Asia,42,Unknown,2,0,0,0,0,0,0,0,0,0,0,0,0,1180,570,8,10,10,28,0,0,0,8,1,9,13800,Yes,1,No,0,Yes,1,No,0
416,Tauplitz-Bad Mitterndorf,47.57728095,13.98478445,Austria,Europe,41,December - April,1,1,1,1,0,0,0,0,0,0,0,1,1,896,812,18,18,6,42,6,135,14,4,1,19,18525,Yes,1,No,0,No,0,No,0
417,Hochoetz-Oetz,47.22172465,11.02137443,Austria,Europe,37,December - April,1,1,1,1,0,0,0,0,0,0,0,1,1,1410,820,12,21,3,36,5,89,7,6,2,15,17422,Yes,1,Yes,1,No,0,No,0
418,Rosshutte-Seefeld,47.330727,11.1998705,Austria,Europe,44,December - April,1,1,1,1,0,0,0,0,0,0,0,1,1,2064,1230,10,9,1,20,4,208,8,3,2,13,12363,Yes,1,Yes,1,Yes,1,No,0
419,Malbun,47.102619,9.6083069,Liechtenstein,Europe,42,December - April,1,1,1,1,0,0,0,0,0,0,0,1,1,2000,1600,11,9,3,23,4,16,6,3,0,9,8800,Yes,1,Yes,1,No,0,No,0
420,Spicak,50.2975226,17.0116784,Czech Republic,Europe,23,December - April,1,1,1,1,0,0,0,0,0,0,0,1,1,1202,854,3,3,0,6,1,30,11,1,0,12,7390,Yes,1,Yes,1,Yes,1,No,0
421,Riesneralm-Donnersbachwald,47.37659935,14.10532135,Austria,Europe,40,December - April,1,1,1,1,0,0,0,0,0,0,0,1,1,1820,950,15,12,3,30,7,137,5,3,0,8,6880,Yes,1,No,0,No,0,No,0
422,Berwang-Bichlbach-Rinnen,47.4131478,10.74173242,Austria,Europe,42,December - April,1,1,1,1,0,0,0,0,0,0,0,1,1,1743,1067,24,10,1,35,3,130,11,3,1,15,15623,Yes,1,No,0,Yes,1,No,0
423,Glungezer-Tulfes,47.2075977,11.5283837,Austria,Europe,30,December - April,1,1,1,1,0,0,0,0,0,0,0,1,1,2304,950,7,15,0,22,15,2,6,2,0,8,7116,Yes,1,Yes,1,No,0,No,0
424,Fanningberg,47.1489018,13.6932252,Austria,Europe,41,December - April,1,1,1,1,0,0,0,0,0,0,0,1,1,2115,1497,11,5,7,23,4,36,4,2,0,6,7162,Yes,1,Yes,1,No,0,No,0
425,Tamarack Resort,44.6700061,-116.1225024,United States,North America,59,December - April,1,1,1,1,0,0,0,0,0,0,0,1,1,2347,1490,12,20,10,42,0,14,2,5,0,7,8700,Yes,1,Yes,1,No,0,No,0
426,Turracher Hohe,46.91448535,13.87352444,Austria,Europe,45,November - May,1,1,1,1,1,0,0,0,0,0,1,1,1,2205,1400,14,24,3,41,3,220,12,5,1,18,18268,Yes,1,Yes,1,Yes,1,No,0
427,Indoor ski area Snow Arena-Druskininkai,54.03173,23.960042,Lithuania,Europe,29,Year-round,1,1,1,1,1,1,1,1,1,1,1,1,0,163,97,1,0,0,1,0,16,4,1,0,5,2800,Yes,1,Yes,1,Yes,1,Yes,1
428,Niedere-Andelsbuch-Bezau,47.4002902,9.9376361,Austria,Europe,31,December - March,1,1,1,0,0,0,0,0,0,0,0,1,1,1715,655,5,4,1,10,0,2,5,2,1,8,6043,Yes,1,No,0,No,0,No,0
429,Summit Ski Area at Mt. Hood,45.303419,-121.745667,United States,North America,26,December - April,1,1,1,1,0,0,0,0,0,0,0,1,1,1312,1216,2,2,0,4,1,2,0,1,0,1,1200,Yes,1,No,0,No,0,No,0
430,Wurzeralm-Spital am Pyhrn,47.6279977,14.3162785,Austria,Europe,41,December - April,1,1,1,1,0,0,0,0,0,0,0,1,1,1870,810,10,10,2,22,4,57,5,2,1,8,9048,Yes,1,No,0,No,0,No,0
431,Prabichl-Vordernberg,47.5208498,14.9512205,Austria,Europe,37,December - April,1,1,1,1,0,0,0,0,0,0,0,1,1,1608,1100,6,11,3,20,0,90,4,2,0,6,6624,Yes,1,Yes,1,No,0,No,0
432,Pfelders-Moos in Passeier-,46.7952778,11.0895074,Italy,Europe,33,December - April,1,1,1,1,0,0,0,0,0,0,0,1,1,2502,1601,5,9,4,18,0,35,4,1,1,6,4300,Yes,1,Yes,1,Yes,1,No,0
433,Mitterdorf-Almberg-– Mitterfirmiansreut,48.888874,13.643595,Germany,Europe,23,December - March,1,1,1,0,0,0,0,0,0,0,0,1,1,1139,841,2,2,1,5,2,31,9,1,0,10,6266,Yes,1,No,0,Yes,1,No,0
434,Lavarone,45.94128935,11.28863808,Italy,Europe,36,December - April,1,1,1,1,0,0,0,0,0,0,0,1,1,1650,1150,19,5,2,26,0,70,9,6,0,15,12040,Yes,1,No,0,No,0,No,0
435,Bolton Valley,39.3455111,-78.7571921,United States,North America,63,December - April,1,1,1,1,0,0,0,0,0,0,0,1,1,960,440,15,10,5,30,3,100,1,5,0,6,7200,Yes,1,Yes,1,Yes,1,No,0
436,Geißkopf-Bischofsmais,48.9240769,13.0374226,Germany,Europe,24,December - March,1,1,1,0,0,0,0,0,0,0,0,1,1,1116,835,1,5,0,6,2,16,8,1,0,9,6950,Yes,1,Yes,1,Yes,1,No,0
437,Donovaly-Park Snow-,48.8878953,19.2468587,Slovakia,Europe,26,Unknown,2,0,0,0,0,0,0,0,0,0,0,0,0,1361,914,5,5,0,10,2,30,23,1,1,25,13620,Yes,1,Yes,1,Yes,1,No,0
438,Kobla-Bohinj,46.2338617,13.9650643,Slovenia,Europe,22,December - March,1,1,1,0,0,0,0,0,0,0,0,1,1,1480,540,12,10,1,23,0,30,3,3,0,6,5720,Yes,1,No,0,No,0,No,0
439,Sudelfeld-Bayrischzell,47.6717401,12.04163164,Germany,Europe,33,Unknown,2,0,0,0,0,0,0,0,0,0,0,0,0,1563,850,5,24,3,32,4,100,10,5,0,15,17477,Yes,1,Yes,1,No,0,No,0
440,Gruntenlifte-Kranzegg-Rettenberg-,47.5824873,10.3212662,Germany,Europe,31,December - April,1,1,1,1,0,0,0,0,0,0,0,1,1,1700,900,2,14,0,16,0,12,8,1,0,9,7420,Yes,1,Yes,1,No,0,No,0
441,Grebenzen-St. Lambrecht,47.0536954,14.33034179,Austria,Europe,34,December - March,1,1,1,0,0,0,0,0,0,0,0,1,1,1870,1010,2,9,0,11,6,25,6,1,0,7,6790,Yes,1,No,0,No,0,No,0
442,Kirchdorf,47.57562605,12.38734435,Austria,Europe,30,December - March,1,1,1,0,0,0,0,0,0,0,0,1,1,780,640,3,2,0,5,1,6,3,1,0,4,3570,Yes,1,No,0,No,0,No,0
443,Nebelhorn-Oberstdorf,47.4218727,10.3423461,Germany,Europe,44,December - May,1,1,1,1,1,0,0,0,0,0,0,1,1,2224,828,2,5,4,11,7,30,3,2,3,8,5990,Yes,1,No,0,No,0,No,0
444,Lachtal,47.2524874,14.3682392,Austria,Europe,41,December - April,1,1,1,1,0,0,0,0,0,0,0,1,1,2222,1600,7,16,2,25,3,53,8,2,0,10,10620,Yes,1,No,0,No,0,No,0
445,Ramsau am Dachstein-Rittisberg,47.4185564,13.5929847,Austria,Europe,36,December - March,1,1,1,0,0,0,0,0,0,0,0,1,1,1636,1035,14,10,1,25,3,40,14,1,0,15,10815,Yes,1,No,0,No,0,No,0
446,Burchen-Torbel-Moosalp,46.251276,7.829707,Switzerland,Europe,39,December - March,1,1,1,0,0,0,0,0,0,0,0,1,1,2550,1480,5,15,5,25,8,7,8,1,0,9,7470,Yes,1,No,0,Yes,1,No,0
447,Guzet,42.7762455,1.3131615,France,Europe,31,December - March,1,1,1,0,0,0,0,0,0,0,0,1,1,2100,1100,20,14,6,40,0,100,11,4,0,15,11130,Yes,1,Yes,1,No,0,No,0
448,Montage Mountain Resort,41.349713,-75.662134,United States,North America,53,December - March,1,1,1,0,0,0,0,0,0,0,0,1,1,594,285,2,4,3,9,0,270,2,5,0,7,8800,Yes,1,Yes,1,Yes,1,No,0
449,Schetteregg-Egg,47.4167682,9.9826655,Austria,Europe,32,November - March,1,1,1,0,0,0,0,0,0,0,1,1,1,1325,1070,3,6,1,10,1,6,7,1,0,8,6642,Yes,1,Yes,1,No,0,No,0
450,Fichtelberg-Oberwiesenthal,50.4291364,12.9547281,Germany,Europe,26,December - April,1,1,1,1,0,0,0,0,0,0,0,1,1,1215,911,6,6,2,14,2,141,6,2,1,9,7384,Yes,1,Yes,1,Yes,1,No,0
451,Bellwald,46.4237017,8.1599477,Switzerland,Europe,45,December - April,1,1,1,1,0,0,0,0,0,0,0,1,1,1600,1204,9,21,6,36,6,26,3,2,1,6,4620,Yes,1,Yes,1,No,0,No,0
452,Klewenalp-Stockhutte-Beckenried-Emmetten,46.9391136,8.4741614,Switzerland,Europe,45,December - April,1,1,1,1,0,0,0,0,0,0,0,1,1,1200,436,15,25,0,40,0,0,9,3,2,14,13394,Yes,1,No,0,No,0,No,0
453,Schoneck-Skiwelt-,50.2056,8.83333,Germany,Europe,20,December - March,1,1,1,0,0,0,0,0,0,0,0,1,1,760,620,1,1,0,2,1,16,5,1,0,6,4324,Yes,1,Yes,1,Yes,1,No,0
454,Biaka Tatrzanska-Kotelnica-Kaniowka-Bania,49.3946417,20.1050528,Poland,Europe,23,December - April,1,1,1,1,0,0,0,0,0,0,0,1,1,910,680,12,3,0,15,1,0,7,1,0,8,28020,Yes,1,Yes,1,Yes,1,No,0
455,Strbske Pleso,49.1191897,20.063955,Slovakia,Europe,35,December - April,1,1,1,1,0,0,0,0,0,0,0,1,1,1840,1376,2,5,0,7,3,52,5,3,0,8,7700,Yes,1,Yes,1,No,0,No,0
456,Gaissau-Hintersee,47.7147891,13.23800875,Austria,Europe,35,March,0,0,1,0,0,0,0,0,0,0,0,0,1,1567,750,23,10,0,33,0,0,6,3,0,9,10110,Yes,1,Yes,1,No,0,No,0
457,Sandia Peak,35.2100445,-106.4496496,United States,North America,47,Unknown,2,0,0,0,0,0,0,0,0,0,0,0,0,2630,1999,8,20,3,31,0,0,1,4,1,6,4000,Yes,1,No,0,No,0,No,0
458,Kellerjoch-Schwaz,47.3302137,11.71804485,Austria,Europe,29,April,0,0,0,1,0,0,0,0,0,0,0,0,1,857,545,5,2,2,9,4,5,4,2,0,6,3786,Yes,1,No,0,No,0,No,0
459,Aillons-Margeriaz,45.60283055,6.098268696,France,Europe,19,Unknown,2,0,0,0,0,0,0,0,0,0,0,0,0,1785,1370,18,4,1,23,0,0,7,1,0,8,10025,Yes,1,No,0,No,0,No,0
460,Hochrindl-Sirnitz,46.8226776,14.0524733,Austria,Europe,32,December - March,1,1,1,0,0,0,0,0,0,0,0,1,1,1886,1540,5,11,3,19,2,30,11,1,0,12,7350,Yes,1,Yes,1,Yes,1,No,0
461,La Bresse-Hohneck,48.03400165,6.983339743,France,Europe,29,December,0,0,0,0,0,0,0,0,0,0,0,1,1,1350,872,13,7,1,21,0,300,12,6,0,18,21515,Yes,1,No,0,Yes,1,No,0
462,Silbersattel-Steinach,50.4399275,11.1511781,Germany,Europe,19,December - April,1,1,1,1,0,0,0,0,0,0,0,1,1,842,590,2,1,0,3,0,6,3,1,0,4,3300,Yes,1,Yes,1,No,0,No,0
463,Gornaya Karusel,43.683048,40.266475,Russia,Europe,22,December - April,1,1,1,1,0,0,0,0,0,0,0,1,1,960,540,4,15,1,20,0,0,3,1,0,4,15740,Yes,1,No,0,No,0,No,0
464,Lammeralm-Langenwang,47.60520455,15.58475687,Austria,Europe,29,December - March,1,1,1,0,0,0,0,0,0,0,0,1,1,1230,980,2,3,2,7,0,24,2,6,3,11,2800,Yes,1,No,0,No,0,No,0
465,Kitzbuheler Horn,47.476123,12.4297939,Austria,Europe,40,December - April,1,1,1,1,0,0,0,0,0,0,0,1,1,2000,800,6,9,2,17,7,55,7,2,0,9,10110,Yes,1,Yes,1,No,0,No,0
466,Myrkdalen,60.8420056,6.4666278,Norway,Europe,44,November - May,1,1,1,1,1,0,0,0,0,0,1,1,1,1060,450,13,12,4,29,3,32,2,4,3,9,10279,Yes,1,Yes,1,Yes,1,No,0
467,Shymbulak-Chimbulak-,43.1388747,77.0710684,Kazakhstan,Asia,24,Unknown,2,0,0,0,0,0,0,0,0,0,0,0,0,2260,1626,4,10,6,20,0,0,6,4,0,10,8790,Yes,1,No,0,No,0,No,0
468,Loser-Altaussee,47.6607391,13.7710285,Austria,Europe,40,December - April,1,1,1,1,0,0,0,0,0,0,0,1,1,1770,850,18,12,3,33,9,50,3,2,3,8,11114,Yes,1,Yes,1,No,0,No,0
469,Christlum-Achenkirch,47.50747545,11.67908871,Austria,Europe,44,December - April,1,1,1,1,0,0,0,0,0,0,0,1,1,1800,950,6,16,5,27,4,0,9,4,0,13,12843,Yes,1,Yes,1,No,0,No,0
470,Grasgehren-Bolgengrat,47.4425742,10.1761213,Germany,Europe,25,November - April,1,1,1,1,0,0,0,0,0,0,1,1,1,1700,1400,3,8,0,11,2,10,5,1,0,6,5140,Yes,1,Yes,1,No,0,No,0
471,Crystal Mountain-WA-,46.9281666,-121.504535,United States,North America,63,November - May,1,1,1,1,1,0,0,0,0,0,1,1,1,2137,1341,8,27,15,50,0,0,2,9,1,12,20500,Yes,1,Yes,1,No,0,No,0
472,Gotschen-Bischofswiesen,47.6495716,12.9380903,Germany,Europe,25,December - April,1,1,1,1,0,0,0,0,0,0,0,1,1,1307,880,2,1,4,7,2,35,2,1,0,3,4000,Yes,1,No,0,Yes,1,No,0
473,Torrent-Leukerbad,46.3728566,7.6541765,Switzerland,Europe,46,December - April,1,1,1,1,0,0,0,0,0,0,0,1,1,2610,1411,3,26,16,45,11,40,8,1,5,14,11390,Yes,1,Yes,1,No,0,No,0
474,Monte Popolo-Eben im Pongau,47.4041442,13.41875165,Austria,Europe,36,December - April,1,1,1,1,0,0,0,0,0,0,0,1,1,1612,862,4,2,0,6,3,55,2,2,0,4,4550,Yes,1,Yes,1,No,0,No,0
475,Sun Mountain-Yabuli,44.9293976,128.6043934,China,Asia,0,November - April,1,1,1,1,0,0,0,0,0,0,1,1,1,1375,457,3,19,13,35,0,0,4,2,0,6,13776,Yes,1,No,0,No,0,No,0
476,Jochgrimm-Passo Oclini-,46.3473164,11.4515353,Italy,Europe,17,December - April,1,1,1,1,0,0,0,0,0,0,0,1,1,2250,1850,4,2,1,7,0,20,0,3,5,8,3540,Yes,1,No,0,No,0,No,0
477,Alpe Lusia-Moena-Bellamonte,46.3390273,11.70654171,Italy,Europe,47,December - April,1,1,1,1,0,0,0,0,0,0,0,1,1,2340,1370,12,10,4,26,0,0,3,3,4,10,16280,Yes,1,Yes,1,No,0,No,0
478,Unternberg-Ruhpolding-,47.7293144,12.6401193,Germany,Europe,20,December - March,1,1,1,0,0,0,0,0,0,0,0,1,1,1417,710,1,1,0,2,1,15,3,1,0,4,3350,Yes,1,No,0,Yes,1,No,0
479,Diavolezza-Lagalb,46.429214,9.977345144,Switzerland,Europe,59,"October - November, December - May, June - October",1,1,1,1,1,1,1,1,1,1,1,1,3,3006,2091,0,21,10,31,10,20,9,2,0,11,3970,Yes,1,No,0,No,0,Yes,1
480,Kubinska hola,49.2852625,19.26742095,Slovakia,Europe,26,December - April,1,1,1,1,0,0,0,0,0,0,0,1,1,1396,720,2,10,2,14,0,60,2,1,2,5,11480,Yes,1,Yes,1,No,0,No,0
481,Stevens Pass,47.7456352,-121.089171,United States,North America,63,December - April,1,1,1,1,0,0,0,0,0,0,0,1,1,1750,1170,4,18,15,37,0,0,0,10,0,10,17110,Yes,1,Yes,1,Yes,1,No,0
482,Gala,61.5058146,9.7847118,Norway,Europe,43,November - April,1,1,1,1,0,0,0,0,0,0,1,1,1,1148,800,13,5,1,19,3,50,7,1,0,8,7600,Yes,1,Yes,1,Yes,1,No,0
483,Kvitfjell,58.6834043,9.0280158,Norway,Europe,45,October - May,1,1,1,1,1,0,0,0,0,1,1,1,1,1039,185,19,10,5,34,4,90,14,2,0,16,17952,Yes,1,Yes,1,Yes,1,No,0
484,Molines-en-Queyras-Saint-Veran,44.7122166,6.870256556,France,Europe,29,December - April,1,1,1,1,0,0,0,0,0,0,0,1,1,2800,1750,20,12,1,33,0,0,9,5,0,14,12290,Yes,1,No,0,No,0,No,0
485,Tatranska Lomnica,49.1655267,20.2791933,Slovakia,Europe,35,December - April,1,1,1,1,0,0,0,0,0,0,0,1,1,2190,888,5,5,1,11,6,216,3,1,0,4,12480,Yes,1,No,0,No,0,No,0
486,Mt. Dobson,-43.9218555,169.757177,New Zealand,Oceania,51,July - October,0,0,0,0,0,0,1,1,1,1,0,0,1,2046,1692,2,5,3,10,0,2,2,4,3,9,3660,Yes,1,No,0,No,0,Yes,1
487,Kanin-Sella Nevea-Bovec,46.3649708,13.48181712,Slovenia,Europe,35,December - April,1,1,1,1,0,0,0,0,0,0,0,1,1,1103,460,4,6,0,10,0,0,3,4,4,11,11670,Yes,1,No,0,No,0,No,0
488,Postwiesen Skidorf-Neuastenberg,51.188476,8.518201,Germany,Europe,26,December - March,1,1,1,0,0,0,0,0,0,0,0,1,1,730,605,3,3,1,7,1,23,8,1,0,9,6762,Yes,1,Yes,1,Yes,1,No,0
489,Kaiseregg-Riggisalp-Schwarzsee,46.6524972,7.3190559,Switzerland,Europe,34,December - March,1,1,1,0,0,0,0,0,0,0,0,1,1,1750,1050,14,5,1,20,0,46,11,3,1,15,5790,Yes,1,Yes,1,Yes,1,No,0
490,St. Pierre de Chartreuse-Le Planolet,45.3422689,5.8146864,France,Europe,21,December - April,1,1,1,1,0,0,0,0,0,0,0,1,1,1800,900,18,12,5,35,0,35,3,2,0,5,12610,Yes,1,No,0,No,0,No,0
491,Loon Mountain,44.5164518,-74.6496253,United States,North America,73,November - April,1,1,1,1,0,0,0,0,0,0,1,1,1,930,300,15,28,7,50,0,0,2,9,1,12,17034,Yes,1,Yes,1,No,0,No,0
492,Oberjoch-Bad Hindelang-– Iseler,47.5087114,10.4087222,Germany,Europe,38,December - April,1,1,1,1,0,0,0,0,0,0,0,1,1,1559,1130,6,24,2,32,2,70,2,4,0,6,12388,Yes,1,Yes,1,Yes,1,No,0
493,Monichkirchen-Mariensee,47.5235306,15.99868228,Austria,Europe,35,March,0,0,1,0,0,0,0,0,0,0,0,0,1,1450,870,5,6,2,13,0,80,3,3,0,6,6741,Yes,1,Yes,1,No,0,No,0
494,Grachen,46.1960178,7.8421612,Switzerland,Europe,48,December - April,1,1,1,1,0,0,0,0,0,0,0,1,1,2864,1619,9,31,2,42,7,0,9,5,1,15,13860,Yes,1,No,0,No,0,No,0
495,Puigmal,42.3950066,2.1088833,France,Europe,0,Unknown,2,0,0,0,0,0,0,0,0,0,0,0,0,2700,1830,9,15,7,31,0,0,11,2,0,13,11865,Yes,1,No,0,No,0,No,0
496,Kranzberg-Mittenwald,47.4513588,11.2286303,Germany,Europe,29,December,0,0,0,0,0,0,0,0,0,0,0,1,1,1350,980,6,7,2,15,2,8,9,1,0,10,5850,Yes,1,Yes,1,Yes,1,No,0
497,Wetterstein lifts-Wettersteinbahnen-– Ehrwald,47.406897,10.927998,Austria,Europe,43,December - March,1,1,1,0,0,0,0,0,0,0,0,1,1,1530,1000,15,5,3,23,3,33,6,4,0,10,5425,Yes,1,Yes,1,No,0,No,0
498,Stuhleck-Spital am Semmering,47.5741948,15.7899645,Austria,Europe,42,April,0,0,0,1,0,0,0,0,0,0,0,0,1,1774,777,18,6,0,24,0,240,7,2,0,9,14400,Yes,1,Yes,1,Yes,1,No,0
499,Le Massif,47.2759,-70.6259857,Canada,North America,51,December - April,1,1,1,1,0,0,0,0,0,0,0,1,1,806,36,12,16,11,39,3,716,2,3,2,7,11759,Yes,1,Yes,1,No,0,No,0